ID;L - HOMO;L - LUMO;L - Q(L);L2Ni - A(L,Ni,L);L2Ni - BO(Ni,L);L2Ni - Bur_V;L2Ni - HOMO;L2Ni - LUMO;L2Ni - Q(Ni);L2Ni - R(Ni,L);L2Ni - Sterimol_B1(Ni,P);L2Ni - Sterimol_B5(Ni,P);L2Ni - Sterimol_L(Ni,P);L2Ni - dQ(L);L2NiX - A(L,Ni,C);L2NiX - A(L,Ni,L);L2NiX - BO(Ni,L);L2NiX - Bur_V;L2NiX - HOMO;L2NiX - LUMO;L2NiX - R(Ni,C);L2NiX - R(Ni,L);L2NiX - SD(L);L2NiX - Sterimol_B1(Ni,C);L2NiX - Sterimol_B1(Ni,P);L2NiX - Sterimol_B5(Ni,C);L2NiX - Sterimol_B5(Ni,P);L2NiX - Sterimol_L(Ni,C);L2NiX - Sterimol_L(Ni,P);L2NiX - dBO(Ni,C);L2NiX - dQ(C);L2NiX - dQ(L);L2NiX - dQ(Ni);L2NiX - dSD(C);L2NiX - dSD(Ni);L2NiX TO L2Ni + X;L2NiX TO L2NiX2 + L2Ni;L2NiX2 - A(C,Ni,C);L2NiX2 - A(L,Ni,L);L2NiX2 - BO(Ni,L);L2NiX2 - Bur_V;L2NiX2 - HOMO;L2NiX2 - LUMO;L2NiX2 - R(Ni,C);L2NiX2 - R(Ni,L);L2NiX2 - Sterimol_B1(Ni,P);L2NiX2 - Sterimol_B5(Ni,P);L2NiX2 - Sterimol_L(Ni,P);L2NiX2 - dBO(Ni,C);L2NiX2 - dQ(L);L2NiX2 - dQ(Ni);L2NiX2 TO L2Ni + X2;Substituent;Backbone
1;-0.20128;0.01769;0.73908;101.2266768;0.7694;45.53295319;-0.10648;-0.01716;-0.20674;2.10745131;2.682011629;5.41814536;5.829582002;0.147225;136.5144177;86.94779613;0.6616;63.27842774;-0.14465;-0.03322;1.972518393;2.292217224;0.07267;1.700000048;2.871181195;3.256457592;5.653746627;7.417863357;5.913881947;0.0908;0.05267;0.250685;-0.63299;0.03263;-0.20293;50.12294675;0.625626946;89.63029294;87.56585046;0.7743;83.45841611;-0.14825;-0.02883;1.907547505;2.195608367;2.915290686;5.459803876;5.69304553;0.061;0.45922;-0.94977;4.410136584;Me;dppe
2;-0.19569;0.00956;0.74167;101.4722205;0.76385;56.82917248;-0.10619;-0.02267;-0.19498;2.107842628;3.447504576;6.555349296;6.642370232;0.151905;136.278443;87.42272058;0.7066;76.40098481;-0.14528;-0.03395;1.97924954;2.282069229;0.07883;1.700000048;3.606445185;3.263268722;6.746728103;7.42445619;6.74805527;0.0851;0.05051;0.26689;-0.64323;0.01727;-0.21803;49.92339874;4.312872614;84.73037689;87.76642384;0.7472;92.99191321;-0.148;-0.03394;1.906439924;2.233532444;3.626928309;6.309563601;6.106117312;0.0275;0.440485;-0.91922;0.323794889;i-Pr;dppe
3;-0.20484;-0.05659;0.78267;100.1165135;0.79355;53.75627566;-0.11795;-0.0542;-0.09484;2.100173982;3.718875285;7.888718342;7.452421612;0.113535;136.4159767;87.06422258;0.68075;73.02838484;-0.14804;-0.06285;1.970508184;2.281488996;0.0718;1.700000048;3.92155336;3.244228276;7.986462579;7.413411217;7.520143953;0.0798;0.05716;0.224575;-0.60182;0.03871;-0.23059;46.67289966;-0.067143515;86.92546758;87.20503537;0.73735;89.35642918;-0.15373;-0.06466;1.904583007;2.217178125;4.202253585;7.880229637;7.420312164;0.0391;0.407205;-0.9027;-1.797187134;Ph;dppe
4;-0.19388;0.0112;0.754405;104.1169525;0.7946;62.82768981;-0.10376;-0.02026;-0.186;2.11713143;3.752107678;6.560043202;6.698709957;0.146745;135.0147047;89.96218654;0.6862;81.99859872;-0.14143;-0.02736;1.979282777;2.291645011;0.075815;1.700000048;3.93549199;3.242972477;6.760279912;7.424159639;6.736815936;0.0649;0.05804;0.25812;-0.61986;0.01846;-0.2312;51.05291579;8.41239201;83.23842244;88.97322935;0.707;96.53823798;-0.14198;-0.03028;1.900422936;2.277310378;3.886693478;6.817617044;6.917495506;0.0039;0.410075;-0.86424;-1.516690399;t-Bu;dppe
5;-0.19817;0.01275;0.7359;101.6813009;0.7663;49.22460546;-0.10537;-0.02016;-0.20396;2.108725623;2.956666342;6.556888652;6.649029149;0.15016;136.3431531;87.20357698;0.66555;69.85686299;-0.14413;-0.03645;1.972081016;2.288698851;0.07527;1.700000048;3.067810655;3.246603862;6.301214836;7.417195983;6.229332955;0.0883;0.05435;0.260195;-0.64755;0.03221;-0.20829;51.42753895;1.244351286;88.74750924;87.85433239;0.7729;89.94602168;-0.14832;-0.03234;1.908541785;2.196318148;2.932503927;6.218013214;6.071035538;0.0517;0.474215;-0.96292;6.400596635;Et;dppe
6;-0.19204;0.0105;0.759715;101.4905805;0.8166;56.42144814;-0.10377;-0.02072;-0.20443;2.109966726;4.25255733;7.842102934;7.730940239;0.16424;136.3919061;87.19425005;0.7054;76.97971951;-0.13433;-0.02684;1.970955519;2.266499959;0.08037;1.700000048;4.244098543;3.260898997;8.03302427;7.402486026;7.737377236;0.0694;0.0717;0.29239;-0.66201;0.02538;-0.24965;54.23438882;9.648585673;86.78919676;86.71328729;0.73935;90.29973542;-0.14477;-0.02815;1.907791369;2.233010319;4.468202316;8.099674758;7.64047869;0.034;0.45532;-0.90416;3.610062004;Cy;dppe
7;-0.26652;-0.04462;0.62129;97.66182339;0.76555;50.5729912;-0.15561;-0.0659;0.05443;2.063799573;3.387779975;6.070227579;6.382843431;0.023015;137.0106526;85.97683532;0.67935;69.34278789;-0.17869;-0.08202;1.951607694;2.243582846;0.056435;1.700000048;3.53651709;3.404432208;6.228868585;7.376560472;6.428658997;0.0724;0.06443;0.132905;-0.52794;0.09731;-0.2344;31.61643734;-10.67644619;83.62314954;86.51634961;0.7508;88.41235732;-0.1844;-0.08215;1.900687018;2.176833879;3.569175519;6.140127744;6.338420913;0.0366;0.302225;-0.8882;-21.3008091;CF3;dppe
8;-0.21021;-0.00291;1.292345;98.56069216;0.83185;47.3393154;-0.1303;-0.04022;-0.20485;2.070890935;2.826775335;6.185096367;6.390816601;0.118305;136.8669767;85.69108445;0.7302;66.37046492;-0.15594;-0.05305;1.965751463;2.244661399;0.06938;1.700000048;3.101675016;3.313473949;6.383897504;7.403498343;6.497770913;0.089;0.05887;0.276555;-0.73543;0.05161;-0.2336;42.55581;-2.142944854;86.32678468;85.71169501;0.79515;85.61041831;-0.16341;-0.05087;1.907489702;2.179854615;3.23776306;5.834146381;5.781870551;0.05345;0.47139;-1.07382;-7.955565112;OMe;dppe
9;-0.21123;-0.04619;1.34345;97.65324682;0.82855;53.89457342;-0.14125;-0.05864;-0.12654;2.062209007;2.68070764;9.310977764;9.200227866;0.06868;136.4916452;84.7518146;0.73985;76.68781171;-0.16395;-0.06405;1.959656049;2.230045371;0.068845;1.700000048;3.462891274;3.401639728;9.481638627;7.386692283;9.600575557;0.0848;0.06945;0.23179;-0.70951;0.06461;-0.24641;38.57677243;-4.89206386;86.60990004;87.31196184;0.8107;93.6078846;-0.1735;-0.07606;1.911108582;2.156330917;2.608823343;9.396375575;9.426625561;0.04925;0.46151;-1.11925;-13.16452126;OPh;dppe
10;-0.19538;0.00511;1.285415;99.69736734;0.83495;65.02214879;-0.12041;-0.03215;-0.26093;2.074172239;3.920255889;6.504423758;6.438406258;0.14666;136.6764939;86.54535213;0.73015;76.81880133;-0.15226;-0.0438;1.972060033;2.245390913;0.069845;1.700000048;4.157604513;3.294732974;7.527955101;7.409603417;7.27554848;0.0747;0.05518;0.30402;-0.73497;0.03258;-0.25145;48.3778429;5.112319685;86.9499078;86.23750985;0.78485;90.15405993;-0.15973;-0.04651;1.913983266;2.182357806;3.883428292;7.417127296;7.214419329;0.0528;0.511815;-1.07229;-3.566763851;OiPr;dppe
11;-0.22652;-0.07802;0.84804;99.36551786;0.7952;60.0962569;-0.13724;-0.06933;0.03748;2.073011381;4.867667689;8.415638427;8.266850429;0.030315;127.2471477;87.42773142;0.6748;79.5587256;-0.15948;-0.07989;1.964033626;2.253171105;0.06184;1.700000048;4.772451507;3.421110312;8.781508202;7.291806069;8.726317651;0.0527;0.06707;0.14507;-0.47749;0.06755;-0.24053;39.75084265;-5.175070634;85.32180835;86.82593431;0.73615;93.52937434;-0.16917;-0.08236;1.90201247;2.21299983;4.833693333;8.7421011;8.509441158;0.02825;0.30319;-0.84778;-10.53337403;C6F5;dppe
12;-0.16453;-0.05055;0.78351;131.6572207;0.7606;55.00366993;-0.11024;-0.04615;-0.3247;2.117786026;2.793805512;7.209734465;5.770666436;0.18141;127.3033349;105.1561154;0.67905;69.76798215;-0.1462;-0.05444;1.979906459;2.285591852;0.06443;1.700000048;2.968821786;3.447289128;7.269331992;7.412727598;6.711858647;0.0837;0.06263;0.25011;-0.62259;0.04273;-0.20691;44.06183274;-2.505645331;82.89276601;102.8285088;0.7367;85.1826488;-0.14696;-0.05552;1.905798764;2.244161242;3.001197149;7.27809257;6.928102044;0.0296;0.409925;-0.87811;-4.58081916;Me;ferrocenyl
13;-0.16211;-0.04865;0.78247;131.177342;0.80785;65.60784362;-0.11023;-0.04964;-0.3152;2.111497052;3.453461736;7.131823519;6.764047444;0.175255;128.9607788;102.0663275;0.6897;81.4731786;-0.14623;-0.0549;1.984084124;2.283091043;0.07033;1.700000048;3.640491135;3.370802931;7.312561035;7.423357407;6.62170029;0.0711;0.05568;0.25444;-0.61372;0.02028;-0.22058;42.7214725;9.496100871;80.2705659;104.7495998;0.6704;94.64362135;-0.14409;-0.05431;1.908369526;2.33698998;3.92913605;7.275088284;6.836653356;-0.01265;0.341775;-0.77568;-19.26328583;i-Pr;ferrocenyl
14;-0.16608;-0.05767;0.825855;125.6121666;0.80095;61.90853521;-0.12247;-0.05865;-0.20784;2.099249891;4.041572196;7.768996617;7.794180757;0.13173;129.1641257;101.5931379;0.67595;80.26601388;-0.15164;-0.06329;1.977457541;2.284658261;0.067705;1.700000048;4.140711874;3.380527025;7.904341417;7.415376526;7.428049866;0.0733;0.05807;0.21552;-0.58389;0.03349;-0.21305;45.22649032;3.431221804;82.75544633;101.9551782;0.70695;92.96261106;-0.15211;-0.06362;1.906226492;2.255467073;4.418745657;7.790034718;7.406902601;0.00675;0.364635;-0.85715;-8.188371127;Ph;ferrocenyl
15;-0.16199;-0.05191;0.787775;140.7729716;0.7842;73.75961596;-0.10406;-0.04951;-0.35634;2.133056321;3.85521521;7.169443717;6.649290429;0.18113;125.4531688;109.0935639;0.67725;90.3365545;-0.14561;-0.05418;1.989681925;2.296841737;0.06092;1.700000048;4.061889364;3.319546576;7.391498885;7.418421991;6.685655025;0.0388;0.05519;0.235095;-0.58151;0.02257;-0.22305;45.27041599;20.40409806;79.25583946;107.9668659;0.5884;95.60683356;-0.13969;-0.05651;1.9065168;2.455408558;3.996473745;7.34230138;7.104936957;-0.03775;0.27691;-0.62792;-25.07339606;t-Bu;ferrocenyl
16;-0.16171;-0.04904;0.781785;132.8479207;0.8147;60.17956964;-0.10996;-0.04625;-0.3311;2.119024207;3.227933851;7.217365851;6.259054056;0.181185;127.4200091;105.1586448;0.69955;74.8161635;-0.14583;-0.05426;1.979328084;2.281844703;0.066575;1.700000048;3.190571506;3.458701023;7.310579721;7.411663844;6.740732733;0.0805;0.06268;0.250245;-0.62515;0.04242;-0.21202;44.60588345;-1.837975249;82.42312414;103.7069291;0.7274;90.5474464;-0.14567;-0.05594;1.906891379;2.245825764;3.033508343;7.335023505;6.946866711;0.01695;0.405755;-0.87616;-4.160387814;Et;ferrocenyl
17;-0.16359;-0.05258;0.806225;132.9055772;0.7977;68.35904329;-0.10649;-0.04622;-0.32483;2.122389454;4.323263859;7.187550463;7.579442176;0.18503;126.9558298;105.736484;0.684;85.57561766;-0.14328;-0.05353;1.990123899;2.291345886;0.06753;1.700000048;4.666205638;3.433342769;7.572734431;7.426515111;7.574594205;0.0507;0.06734;0.255715;-0.61127;0.02952;-0.21453;45.48565174;7.93422979;79.79035989;102.2644322;0.61555;93.68096595;-0.1427;-0.05443;1.910974592;2.320926849;4.419160027;7.900190628;7.605096601;-0.00835;0.37307;-0.80108;-12.17305629;Cy;ferrocenyl
18;-0.18466;-0.07991;0.66278;120.8890743;0.775;59.11404354;-0.15868;-0.06822;-0.04152;2.068348273;3.570574714;7.253828263;6.306418792;0.069495;128.7045242;102.5789474;0.67685;76.9900901;-0.17272;-0.07746;1.951754303;2.238604235;0.050345;1.700000048;3.681798806;3.301736278;7.228695998;7.370478849;6.887609172;0.0682;0.08232;0.155805;-0.54437;0.0875;-0.25463;30.02193577;-8.412392009;78.85382848;99.62582066;0.7438;89.81795531;-0.17867;-0.07835;1.905492559;2.219152344;3.669742941;7.268124211;6.769546928;0.0117;0.280605;-0.8461;-26.75386643;CF3;ferrocenyl
19;-0.16827;-0.05643;1.32632;122.0098706;0.84115;62.72036462;-0.13572;-0.05132;-0.36134;2.084390304;3.709570975;7.218416842;5.879144098;0.1623;129.0031775;101.9585269;0.7324;77.18831457;-0.15914;-0.0614;1.975182071;2.253779486;0.061085;1.700000048;3.483226216;3.39380813;7.188255436;7.407452852;6.859698244;0.0834;0.06858;0.286075;-0.77576;0.05379;-0.22174;40.15935132;-1.287649442;81.79348731;100.6904279;0.77315;90.24690805;-0.16219;-0.0636;1.911039815;2.200871672;2.841045428;7.231809773;6.901661585;0.03435;0.46201;-1.04678;-13.60377789;OMe;ferrocenyl
20;-0.17545;-0.06497;1.361945;120.2363526;0.8515;75.78598783;-0.14691;-0.06069;-0.26545;2.064709992;4.975215298;7.267724529;6.03245867;0.123435;128.7011526;102.5950197;0.7213;79.42996322;-0.16106;-0.06827;1.970361986;2.243113428;0.058855;1.700000048;3.320978002;3.444010527;8.942198532;7.396376105;9.3217578;0.0702;0.06975;0.257335;-0.68088;0.06831;-0.23836;32.11279733;-10.21208918;80.92989924;100.6233876;0.8054;92.30627093;-0.16869;-0.06887;1.912192937;2.206149094;3.261727361;8.785361098;9.294153611;0.02535;0.426645;-1.01623;-20.77244612;OPh;ferrocenyl
21;-0.16551;-0.05275;1.33527;131.4401002;0.8335;69.63671412;-0.12745;-0.05078;-0.37839;2.082609739;3.728681517;7.227172829;7.701231109;0.18507;128.176858;103.6264547;0.7231;93.6351683;-0.15665;-0.05436;1.992821262;2.274281234;0.055405;1.700000048;4.540297121;3.282106863;7.182006191;7.424458545;6.727076158;0.0442;0.04591;0.280295;-0.75754;0.03593;-0.24929;43.12370608;4.703183507;81.80881751;96.24977332;0.7615;92.87714068;-0.15475;-0.05923;1.909457924;2.224204956;4.045017093;7.315880069;7.350072488;0.02865;0.479055;-1.04533;-13.66590133;OiPr;ferrocenyl
22;-0.17543;-0.07535;0.88244;119.9095329;0.7049;69.02554522;-0.14106;-0.07338;-0.03039;2.075366329;4.422851032;8.323326726;8.395213757;0.06181;123.828409;105.2369415;0.66365;85.4261141;-0.15955;-0.07986;1.96859224;2.26930345;0.05302;1.700000048;5.056866476;3.396872831;8.759795112;7.337627209;8.480356766;0.0396;0.07294;0.156255;-0.48539;0.06328;-0.24121;39.22687224;-0.254141336;81.37948422;102.8233006;0.62675;95.44160011;-0.16362;-0.07866;1.903355411;2.274005415;5.012975475;8.597629098;8.351515093;-0.00285;0.277225;-0.78542;-16.50224415;C6F5;ferrocenyl
23;-0.18238;-0.07865;0.77644;115.6745197;0.80715;49.3779371;-0.1132;-0.07524;-0.23538;2.065008075;2.871208735;7.694980488;7.353315874;0.12979;132.4405476;95.1188857;0.73735;67.67722909;-0.14437;-0.08578;1.972383667;2.228663801;0.087175;1.700000048;2.983912005;3.365197531;7.830309602;7.412590661;8.058248671;0.0999;0.06273;0.238635;-0.67334;0.02349;-0.22837;50.54149557;2.321157544;83.59094361;95.16369688;0.7671;83.69137162;-0.15053;-0.08685;1.913024348;2.186851811;2.974505015;7.804542869;8.033468074;0.0445;0.4072;-0.93287;3.551703623;Me;naphthyl
24;-0.16999;-0.07919;0.796465;109.622333;0.8359;60.45010984;-0.11229;-0.07356;-0.1891;2.078315961;3.534331445;7.529017014;7.016673082;0.1113;134.1968648;91.54289757;0.7077;78.85958067;-0.13989;-0.08381;1.97107642;2.239648312;0.08581;1.700000048;3.583808936;3.243538047;7.603797498;7.412157554;7.482664439;0.0779;0.06851;0.233835;-0.64803;0.00969;-0.25576;52.49995264;10.78751537;81.89295298;92.71455913;0.73175;94.42340288;-0.14765;-0.08415;1.906999835;2.226092607;3.508142531;7.670914901;7.775124169;0.0225;0.380595;-0.91228;-0.997740063;i-Pr;naphthyl
25;-0.187;-0.08414;0.827555;107.3022252;0.80095;56.16740345;-0.12429;-0.07963;-0.07215;2.068397924;4.162563796;7.634047824;7.678993517;0.08935;134.1296705;90.25354366;0.6903;75.18623354;-0.14968;-0.08931;1.966912546;2.239416436;0.078015;1.700000048;4.497360047;3.256524626;7.65055988;7.407421935;7.748388087;0.083;0.06572;0.200635;-0.59087;0.02694;-0.24535;46.88437035;2.992592682;82.64463936;91.81832082;0.72835;89.35406273;-0.15469;-0.09106;1.906790473;2.20481358;4.561649907;7.697445663;7.774879458;0.0236;0.35231;-0.87954;-4.433981944;Ph;naphthyl
26;-0.16096;-0.07709;0.82295;118.6852663;0.8323;72.30446185;-0.10813;-0.07414;-0.23363;2.071879898;3.87355224;7.644474889;7.157263692;0.09579;130.9131519;97.81842347;0.71265;91.41384322;-0.14403;-0.08385;1.988436299;2.240153588;0.09331;1.700000048;3.905614694;3.287092221;7.828633108;7.427464504;7.925430178;0.0616;0.04135;0.208915;-0.65427;-0.01199;-0.2621;50.64879969;30.59234188;79.90662569;93.84006069;0.6745;96.07100454;-0.14492;-0.08379;1.914177994;2.313253717;3.977050135;7.52770364;7.357077665;-0.0087;0.282995;-0.81018;-24.50487247;t-Bu;naphthyl
27;-0.17818;-0.07339;0.7769;115.3545232;0.8685;58.02582741;-0.1136;-0.07502;-0.23894;2.066894656;3.298322342;7.697076465;7.35681058;0.127135;132.3350795;95.32067982;0.7399;77.10298339;-0.13979;-0.08513;1.967605604;2.221723234;0.08473;1.700000048;3.413200547;3.268151588;7.822548095;7.409863037;8.013494035;0.0832;0.07342;0.25095;-0.69538;0.01454;-0.25974;50.65068222;2.672562849;84.83285732;95.43349933;0.7643;91.89304809;-0.14975;-0.08723;1.909783175;2.182833658;3.213039738;7.802274545;8.02218675;0.03495;0.41352;-0.95124;3.418671615;Et;naphthyl
28;-0.16706;-0.07584;0.82107;112.4690336;0.8449;63.19984789;-0.11064;-0.07253;-0.20937;2.072328734;4.513186501;7.896704963;7.472649825;0.114295;133.0725729;93.84906174;0.72885;84.3933702;-0.14486;-0.08271;1.980514043;2.230460629;0.09495;1.700000048;4.739010025;3.328102125;7.75449277;7.421850245;7.784808773;0.0902;0.04331;0.24464;-0.67858;-0.02039;-0.26566;52.55266343;14.27082046;80.27350062;94.44385223;0.7271;95.88224585;-0.14828;-0.08445;1.909434029;2.235696375;4.807921623;7.831709158;8.071462532;0.009;0.361265;-0.90491;-4.375623563;Cy;naphthyl
29;-0.23022;-0.10795;0.62721;108.7448294;0.80175;56.54081435;-0.15416;-0.09806;0.00503;2.034069152;3.545023127;7.698265101;7.495028705;0.05296;134.0277615;91.93637377;0.7046;76.04594864;-0.18009;-0.11034;1.958442673;2.206896503;0.07167;1.700000048;3.600566167;3.515827061;7.773453005;7.369585393;8.079617726;0.0997;0.06166;0.148205;-0.56815;0.0587;-0.23043;33.05908162;-6.266937117;81.08674225;93.50301166;0.78105;91.2662885;-0.18445;-0.11021;1.904169139;2.169130835;3.611014113;7.756211873;8.006231302;0.0339;0.287675;-0.92021;-22.82502961;CF3;naphthyl
30;-0.19175;-0.08526;1.30489;103.4257138;0.864;56.06049587;-0.13529;-0.07763;-0.24409;2.049794274;3.262038076;7.609403713;7.09252773;0.131885;135.7358268;88.50049319;0.77035;74.93281526;-0.15674;-0.08981;1.961946972;2.205855228;0.079635;1.700000048;3.393360046;3.308030932;7.694796732;7.393233432;7.502256079;0.0964;0.06752;0.29305;-0.81091;0.04015;-0.26369;43.97711896;4.673690563;83.5247017;93.77739947;0.80935;90.16081125;-0.16933;-0.09267;1.912198365;2.158924523;3.36543907;7.732837747;7.919051162;0.04685;0.480625;-1.11743;-11.92958261;OMe;naphthyl
31;-0.19843;-0.09281;1.339125;104.8288607;0.858;62.55582718;-0.14433;-0.08403;-0.1616;2.041165756;3.464797863;8.398335639;8.053000465;0.090095;134.129808;91.15763774;0.7732;88.8868989;-0.16144;-0.09548;1.958549073;2.191618007;0.077425;1.700000048;5.335112565;3.45233904;7.714019489;7.377731576;7.816316938;0.0785;0.0772;0.25266;-0.75809;0.0467;-0.26967;42.88776252;3.552331134;83.84859601;93.59955714;0.81145;92.00155649;-0.17463;-0.09992;1.911569931;2.14686983;3.807750275;8.407168914;8.310036099;0.04015;0.4504;-1.08434;-12.98693607;OPh;naphthyl
32;-0.18088;-0.0801;1.324895;110.5058288;0.8847;70.55308467;-0.12993;-0.07659;-0.32661;2.045932408;4.298186549;7.683977033;7.423379429;0.141645;132.6366476;94.7220018;0.7813;88.2166385;-0.15145;-0.08772;1.971540808;2.1999798;0.078245;1.700000048;4.216081432;3.360384913;7.782708217;7.406834863;7.95747001;0.0774;0.07617;0.299265;-0.86059;0.05079;-0.27579;44.33919193;-1.104416674;83.76350204;94.87298115;0.81155;94.37245473;-0.16699;-0.09158;1.917217338;2.159201905;4.060438914;7.764878271;7.992617265;0.03865;0.48953;-1.14349;-5.427329442;OiPr;naphthyl
33;-0.2108;-0.09807;0.866735;103.1938003;0.7882;65.54889133;-0.14162;-0.08869;0.06764;2.04971451;4.520930028;8.140949705;8.333362446;0.036845;136.0047989;87.98171576;0.6845;83.88068712;-0.16116;-0.09961;1.959842302;2.227002904;0.07063;1.700000048;4.720329526;3.366405338;8.223839572;7.391638091;7.980918835;0.0635;0.07339;0.154215;-0.51016;0.04669;-0.27514;40.9067151;-1.963477144;84.18338159;92.23668799;0.74535;97.80741745;-0.16325;-0.09962;1.904273436;2.182267883;5.073640374;8.468704259;7.869529862;0.0117;0.323295;-0.91267;-11.43322262;C6F5;naphthyl
34;-0.19368;-0.04676;0.783255;158.3684452;0.7612;56.2674901;-0.10229;-0.05816;-0.4032;2.125080764;2.826981821;8.330690907;6.767215838;0.165815;112.287507;121.008102;0.64905;70.86399362;-0.14351;-0.05412;1.982595045;2.277295695;0.017645;1.700000048;2.973881962;3.283171923;8.493448057;7.431383078;7.152530174;0.0467;0.10563;0.18838;-0.53862;0.12291;-0.19978;39.89203228;-9.826170855;171.2398444;157.781544;0.7589;89.16502564;-0.13973;-0.0589;1.937577367;2.170698908;2.847146461;8.371058888;6.804827942;0.05775;0.463885;-0.96575;-5.599894547;Me;xantphos
35;-0.18418;-0.05089;0.779295;158.9630859;0.8022;69.61200566;-0.10207;-0.05848;-0.402;2.127252482;3.717467759;8.299731848;6.711791833;0.166735;108.6801379;141.892589;0.70375;87.0754558;-0.12594;-0.0618;1.984970129;2.251465211;0.038315;1.700000048;3.052575803;3.257407175;8.49133002;7.437328872;7.378045972;0.0137;0.13055;0.20095;-0.60906;0.14311;-0.26535;34.54502406;0.422313875;160.5411486;152.9982107;0.69085;91.91803495;-0.13791;-0.05751;1.932777074;2.239844497;3.370423245;8.411240923;6.849878876;0.03795;0.42984;-0.8473;-26.54239573;i-Pr;xantphos
36;-0.19307;-0.05592;0.81909;133.0185489;0.774;62.66433559;-0.11963;-0.06093;-0.18224;2.112850799;4.048828107;8.444274565;7.79845565;0.1192;126.4074878;107.0476458;0.6541;77.0928912;-0.15468;-0.06627;1.983276415;2.304227711;0.05113;1.700000048;4.293311565;3.308657927;8.443885419;7.398543649;7.410744261;0.0567;0.04412;0.18126;-0.51191;0.03213;-0.20505;39.24193247;-1.736946224;169.6692756;154.9681886;0.7006;90.19888316;-0.14767;-0.06701;1.933388167;2.20367847;4.431154385;8.394315561;6.838598005;0.03625;0.40495;-0.85354;-14.98931881;Ph;xantphos
37;-0.17984;-0.05198;0.789075;162.8486811;0.7964;78.83382819;-0.0976;-0.05765;-0.39271;2.132378106;3.871466644;8.246276476;6.622969372;0.161705;110.443936;138.0291646;0.6699;91.6180534;-0.13121;-0.06088;2.005059133;2.299759348;0.033945;1.700000048;3.871113834;3.30212478;8.465721881;7.465631682;7.354959486;-0.0116;0.10926;0.179615;-0.53502;0.12907;-0.23753;40.55844735;13.58997268;149.8964017;148.4281359;0.6514;98.89410235;-0.1427;-0.06177;1.961642965;2.299701512;3.835581821;8.459826046;6.944909284;0.00815;0.405885;-0.78085;-27.68320796;t-Bu;xantphos
38;-0.19039;-0.04706;0.77505;136.7487141;0.77625;60.90606787;-0.10741;-0.05287;-0.29959;2.121914705;3.128299795;8.452105223;6.797461104;0.15713;121.730842;115.5521064;0.6531;76.8064123;-0.14391;-0.05768;1.978648097;2.297187142;0.0548;1.700000048;3.140280507;3.293929583;8.428670555;7.42245066;7.6514773;0.046;0.07497;0.20938;-0.57195;0.05145;-0.21971;44.13713388;-1.120731921;169.8019426;157.0767638;0.74155;92.59379384;-0.13944;-0.05849;1.938146949;2.180724704;3.300299312;8.374992906;6.780350234;0.0457;0.469335;-0.94857;-5.815130296;Et;xantphos
39;-0.18391;-0.04845;0.80275;146.8554478;0.77825;67.77634132;-0.10015;-0.05456;-0.35556;2.128186063;4.19689083;8.402336507;7.811709459;0.16772;123.2665593;113.1176754;0.6571;83.62253595;-0.1426;-0.05751;1.986380384;2.307145587;0.05622;1.700000048;4.631628011;3.257331555;8.445037191;7.434079368;7.315344141;0.0349;0.06535;0.20866;-0.55421;0.04347;-0.21731;45.57350306;10.56914207;162.7252661;154.1300563;0.7051;94.97596749;-0.13708;-0.05885;1.942273599;2.223326331;4.624048213;8.358029415;7.562335042;0.03225;0.450005;-0.8854;-14.63226592;Cy;xantphos
40;-0.21756;-0.0782;0.644615;136.3709635;0.7779;62.65862828;-0.14319;-0.08429;-0.08151;2.072810447;3.579663946;8.414607184;7.25641934;0.055775;124.0603745;111.8720233;0.66205;80.07739439;-0.17331;-0.09022;1.950426265;2.254613696;0.043895;1.700000048;3.650175502;3.318621874;8.400808682;7.359488856;8.097684973;0.0652;0.08824;0.114015;-0.50045;0.07702;-0.23557;29.03611838;-13.63578087;164.1901582;149.1342196;0.76625;93.3270434;-0.18233;-0.08141;1.940682485;2.141646778;3.49713896;8.418705713;7.039867104;0.03805;0.35649;-0.9149;-23.50211233;CF3;xantphos
41;-0.20287;-0.05739;1.31854;127.4628927;0.82215;57.03637552;-0.13347;-0.06552;-0.26392;2.084776504;2.744279387;8.44637933;6.565013911;0.1497;127.0782072;105.4893467;0.7255;73.4045102;-0.16167;-0.07105;1.973220453;2.251349698;0.054435;1.700000048;3.436283246;3.308129665;8.423342734;7.392053394;6.502524832;0.0882;0.06268;0.262135;-0.70625;0.0231;-0.23047;36.38488183;-5.657625419;171.9374491;155.4273936;0.77895;89.35566356;-0.15358;-0.06804;1.938854466;2.141798892;2.74143899;8.374392742;6.887700234;0.06425;0.500885;-1.08384;-16.78274088;OMe;xantphos
42;-0.20831;-0.06413;1.33848;137.4037168;0.83515;76.74397995;-0.14387;-0.07682;-0.30718;2.078957938;5.394982172;8.481872386;7.282275866;0.130175;111.4904989;127.832588;0.7329;79.85432227;-0.1496;-0.08162;1.976563541;2.218727498;0.0226;1.700000048;3.627961293;3.262012351;8.685498835;7.38959983;9.355449329;0.0275;0.14033;0.22758;-0.66174;0.17207;-0.26657;26.81787239;-22.63677677;80.50159306;104.2179897;0.78385;91.70220136;-0.15911;-0.07694;1.914619785;2.209261454;4.148732921;8.82551739;8.366192514;0.011;0.398485;-0.99636;-18.93760842;OPh;xantphos
43;-0.19314;-0.05584;1.32466;141.2997932;0.8265;75.37951632;-0.12542;-0.06135;-0.39794;2.096782658;4.201811288;8.468525112;7.410113065;0.17685;123.0798712;113.780767;0.703;84.19250089;-0.15575;-0.06602;1.979798942;2.287941729;0.04462;1.700000048;4.133551497;3.266818784;8.426310393;7.402700818;7.617441488;0.0542;0.06365;0.24466;-0.68939;0.05069;-0.22719;38.77443791;-2.068898736;167.6911347;149.5547548;0.7885;94.06356422;-0.15646;-0.06155;1.937514455;2.151777297;3.927954902;8.435121593;7.67493194;0.05635;0.505845;-1.06224;-15.59235541;OiPr;xantphos
44;-0.21036;-0.07595;0.877315;126.4492249;0.7743;69.88672194;-0.14013;-0.0737;-0.00464;2.084684953;4.17583933;8.425629174;8.512595065;0.04666;114.9832747;120.3604478;0.634;85.59106915;-0.16823;-0.07859;1.995979183;2.284801766;0.00668;1.700000048;5.362731573;3.462334199;8.432693019;7.423055397;7.96348101;0.016;0.10644;0.076105;-0.35752;0.12862;-0.15643;24.56511338;-16.790271;166.4436897;148.7967477;0.7169;95.61309768;-0.16945;-0.08342;1.947706743;2.183044241;5.175379399;8.384080097;7.975316403;0.0215;0.34431;-0.83678;-29.28963221;C6F5;xantphos
45;-0.18633;-0.04966;0.75736;101.3583052;0.7699;45.13629546;-0.10973;-0.04804;-0.16447;2.095358966;2.728527552;6.769447573;6.458810482;0.129995;136.0515123;87.8969754;0.68935;63.39257385;-0.14594;-0.06209;1.970414198;2.271972376;0.0757;1.700000048;2.887826421;3.274474695;6.579063389;7.414398459;7.11863443;0.0935;0.05675;0.24293;-0.63492;0.03512;-0.2101;49.81985967;0.730421029;88.94901272;88.37470008;0.77;83.05431104;-0.15094;-0.06419;1.907951204;2.186406624;2.91406305;6.559296695;7.066199637;0.0578;0.446475;-0.94205;3.699168349;Me;phenyl
46;-0.17442;-0.05183;0.767735;100.8530451;0.81625;58.78281101;-0.10481;-0.04739;-0.16081;2.096684628;3.268745648;6.778981172;6.591641012;0.129305;136.5656335;86.65052526;0.70155;76.51777577;-0.14612;-0.06008;1.979201128;2.263851167;0.08525;1.700000048;3.868892992;3.25236641;6.736600229;7.422625128;7.001902275;0.0902;0.04638;0.242955;-0.63613;-0.0043;-0.23681;48.59935375;-0.053338306;85.04947328;88.02131785;0.73935;92.86301162;-0.14803;-0.06209;1.905083636;2.217538503;3.667428165;6.605743451;7.091762553;0.03245;0.418745;-0.92192;2.041915828;i-Pr;phenyl
47;-0.19106;-0.06717;0.809685;95.86528912;0.764;52.62490674;-0.12104;-0.06012;-0.03377;2.094058807;3.62345059;7.774680253;7.936537372;0.08956;138.2921348;83.40633572;0.6686;72.77364413;-0.15467;-0.07098;1.970539812;2.275813311;0.07243;1.700000048;3.88791808;3.267612538;7.79970964;7.404136858;7.797765274;0.0902;0.04518;0.19985;-0.5635;0.00912;-0.2372;44.18545211;-4.310990087;87.51943281;88.1700819;0.73585;88.56186089;-0.15602;-0.07364;1.906545833;2.199733769;4.227038024;7.77256609;7.448636949;0.04;0.388595;-0.89712;-2.528235671;Ph;phenyl
48;-0.17143;-0.05323;0.78137;103.4899158;0.79765;64.68541776;-0.10369;-0.0478;-0.15637;2.103978129;3.834536706;6.812961018;6.664239528;0.118465;134.9903532;89.91273629;0.68765;84.00777907;-0.14323;-0.06194;1.978668387;2.27647055;0.080675;1.700000048;3.93547641;3.270133552;6.664409678;7.423404155;7.042824065;0.0692;0.05647;0.232245;-0.62038;0.01106;-0.2368;51.23991361;15.13929357;80.34101103;89.63657155;0.695;97.17369774;-0.14417;-0.06347;1.904752387;2.28442173;3.946930639;6.772072527;7.058192825;0.0015;0.35764;-0.85137;-7.869596314;t-Bu;phenyl
49;-0.18351;-0.05254;0.75849;100.207917;0.75925;50.17222698;-0.10758;-0.0479;-0.15812;2.098408971;2.751541714;6.781146393;6.621780403;0.123885;136.3895333;87.20603553;0.71585;69.83904506;-0.1434;-0.0606;1.97393496;2.260148288;0.07691;1.700000048;3.343072237;3.242781631;6.634909519;7.416969039;7.055399411;0.0846;0.06001;0.25213;-0.64507;0.01399;-0.23948;53.50020274;3.463224787;88.13383543;88.12351804;0.75675;88.25227436;-0.14995;-0.06396;1.906442077;2.194591742;3.136539241;6.579677476;7.048254947;0.0481;0.440995;-0.93503;8.327050721;Et;phenyl
50;-0.1782;-0.04908;0.79246;100.2870044;0.81195;57.96673592;-0.10708;-0.0482;-0.15932;2.097058984;4.541152117;7.697519788;7.668556377;0.12669;135.7886304;87.48317005;0.70635;79.31108422;-0.14395;-0.06018;1.975613129;2.259295049;0.08232;1.700000048;4.853045583;3.341912747;7.827524974;7.415254785;7.589194009;0.0809;0.0564;0.25439;-0.64858;0.00588;-0.24756;51.13135448;6.47840781;85.67820363;86.77195454;0.7337;93.60426533;-0.1492;-0.0588;1.904480098;2.226736175;4.771915949;7.832852644;7.209639706;0.0289;0.412775;-0.91548;0.574171169;Cy;phenyl
51;-0.24741;-0.08956;0.621415;97.1151292;0.7628;51.15283952;-0.15472;-0.08205;0.0716;2.055898775;3.447457603;6.688233131;6.616968031;0.03408;137.1016537;85.77996901;0.6873;70.54361889;-0.17885;-0.09771;1.952627541;2.227476892;0.060655;1.700000048;3.57192949;3.418915335;6.50843982;7.373964493;7.180804071;0.0864;0.06619;0.1393;-0.53418;0.08891;-0.23584;31.45704993;-11.98041088;82.37308933;86.80914109;0.7728;88.39962029;-0.18381;-0.09812;1.902317287;2.171062387;3.605844502;6.511704635;7.121909945;0.03605;0.309675;-0.88264;-20.31561922;CF3;phenyl
52;-0.20277;-0.06114;1.28745;97.50782522;0.8327;49.72065383;-0.13339;-0.06056;-0.18558;2.065295293;2.931096337;6.72582113;6.434611511;0.128735;136.4898318;86.82324142;0.7567;72.37065268;-0.15518;-0.0771;1.962324366;2.226583726;0.07359;1.700000048;3.294137419;3.319881245;6.534524937;7.39909199;7.099658443;0.0935;0.06668;0.30649;-0.81031;0.05514;-0.25151;42.14667383;-1.915158915;87.90876767;86.79165539;0.80195;86.92991951;-0.16799;-0.07866;1.91161561;2.161925109;2.693222447;6.569533325;6.913901903;0.0599;0.498375;-1.08815;-9.001623405;OMe;phenyl
53;-0.21156;-0.07151;1.328685;97.22761719;0.8263;53.93598618;-0.14374;-0.0718;-0.09798;2.056707821;4.425492204;8.340696823;7.670445891;0.07796;136.3726655;86.8835446;0.74795;76.72261235;-0.15949;-0.08727;1.962086215;2.215162893;0.06942;1.700498951;2.748517979;3.305162021;8.370664936;7.397575255;8.100680466;0.0797;0.07061;0.27266;-0.72675;0.06967;-0.25914;37.28473042;-9.533751439;86.02982086;86.70277837;0.80345;91.49680796;-0.17422;-0.08703;1.913104483;2.159495644;3.767871195;8.366768528;8.086026964;0.0447;0.45029;-1.07163;-11.10691769;OPh;phenyl
54;-0.18716;-0.05918;1.294425;99.89060942;0.83755;64.08308822;-0.12292;-0.05497;-0.22287;2.065244799;3.935235949;7.025811497;7.030335073;0.138965;136.2073886;87.04330179;0.74265;80.44168753;-0.15353;-0.07081;1.968028215;2.231660844;0.075265;1.700000048;3.56017671;3.292189457;7.020543485;7.404359651;7.283345075;0.0886;0.06001;0.31259;-0.77273;0.03505;-0.24158;45.23904051;-4.112069583;86.81878425;87.61010857;0.80265;94.29290046;-0.16502;-0.07407;1.91470475;2.173207063;3.773762247;7.039197375;7.252560075;0.0489;0.530045;-1.13995;-0.61997936;OiPr;phenyl
55;-0.21133;-0.08067;0.855225;98.16548188;0.78155;60.0583242;-0.14247;-0.07702;0.06105;2.068040198;4.442100789;8.410144633;8.167844243;0.0408;138.2897224;83.24886427;0.66055;80.11623191;-0.16664;-0.09299;1.959765129;2.257572105;0.05892;1.700000048;4.568195576;3.33267764;8.227251885;7.392291015;7.771101169;0.0762;0.06423;0.150645;-0.48075;0.04782;-0.25069;41.05543485;-3.313877532;86.54165604;87.4254126;0.73665;94.905879;-0.17042;-0.08962;1.900613887;2.194488518;4.884958316;8.686890981;8.298768754;0.0319;0.31465;-0.87012;-9.785382738;C6F5;phenyl
56;-0.19088;-0.07344;0.76732;119.3011976;0.7569;51.64109255;-0.1221;-0.07491;-0.19507;2.103580423;2.786813992;9.073226884;7.085706371;0.156045;131.3877138;96.52948773;0.6645;67.26038698;-0.14658;-0.08273;1.975425882;2.287894394;0.06558;1.700000048;2.968639011;3.265808032;8.861441116;7.420581192;8.153734424;0.0804;0.06147;0.238485;-0.58697;0.03149;-0.21177;45.06773043;-1.088728938;85.61665509;94.99669777;0.7324;84.76893875;-0.14919;-0.08684;1.901337052;2.233976341;3.016935711;8.813751764;8.271253636;0.042;0.408475;-0.87737;-3.985940179;Me;binap
57;-0.18576;-0.07402;0.76947;127.5036491;0.80625;65.03592984;-0.11905;-0.07534;-0.22941;2.101267396;3.342933698;9.059153402;6.693269722;0.15936;128.7709031;101.3621163;0.68005;82.54761367;-0.14416;-0.0824;1.976954093;2.271999416;0.072815;1.700000048;3.540652302;3.327307924;8.875334126;7.419050501;7.902822774;0.062;0.06583;0.24018;-0.59462;0.03484;-0.2297;46.68105729;11.69489407;80.05245652;96.1100228;0.68755;92.5535643;-0.1455;-0.08569;1.908322489;2.287224124;3.584552;8.764459081;8.065533225;0.00245;0.366465;-0.82268;-13.54290947;i-Pr;binap
58;-0.18908;-0.07705;0.81499;117.9220656;0.78745;62.26531141;-0.12669;-0.07691;-0.14216;2.092237227;3.616817632;9.06311965;7.776629134;0.119195;130.5447325;96.46694099;0.6657;79.51515519;-0.15139;-0.08288;1.972658015;2.276135917;0.06938;1.700000048;3.833655624;3.330540764;8.847579501;7.410623495;8.108437325;0.0761;0.06057;0.20799;-0.56774;0.03565;-0.22322;45.84019459;4.936617034;82.19638084;94.17903981;0.6892;92.04436128;-0.1516;-0.08595;1.904644625;2.266054974;4.104738518;8.789447051;8.309172574;0.0125;0.347445;-0.8437;-8.466357825;Ph;binap
59;-0.18282;-0.0731;0.789805;139.208503;0.7948;74.66206625;-0.11392;-0.07823;-0.28754;2.103375868;3.861530851;9.080539032;6.708965035;0.14527;124.5292284;109.3445489;0.66395;88.26556821;-0.14491;-0.08281;1.999514274;2.294340882;0.062695;1.700000048;3.912836727;3.284013885;8.91151791;7.442588313;7.462077599;0.0179;0.06292;0.18738;-0.54393;0.04378;-0.23416;39.84747911;15.12988093;87.77359876;104.5740145;0.6233;97.30649699;-0.14878;-0.08488;1.904247557;2.380041098;3.928045728;8.923093517;7.533144255;-0.0184;0.24916;-0.68609;-30.64505267;t-Bu;binap
60;-0.18418;-0.07362;0.77878;120.389104;0.7502;55.82997641;-0.12081;-0.07455;-0.19194;2.105036841;2.949736523;9.07332596;6.990328992;0.14188;130.9666599;97.45153696;0.6874;72.04345703;-0.14397;-0.08278;1.975449524;2.28373044;0.06508;1.700000048;3.180175542;3.329753828;8.879750893;7.413601111;8.119984077;0.0636;0.06433;0.22551;-0.57728;0.02963;-0.23085;44.65106414;2.234561237;82.44005546;94.830348;0.71265;87.87969867;-0.14717;-0.08631;1.901813725;2.254192521;3.434467928;8.810475342;8.263242886;0.0229;0.37387;-0.8451;-8.142562935;Et;binap
61;-0.18385;-0.07358;0.80498;128.4326317;0.69555;72.95321545;-0.12612;-0.07225;-0.07908;2.173355916;4.191979813;8.638531475;7.804310508;0.19338;131.1360625;97.72601114;0.6685;81.03448169;-0.14575;-0.08139;1.983272356;2.292050829;0.069505;1.700000048;4.658491986;3.372300374;8.868274806;7.374563305;8.023962387;0.0605;0.04706;0.232075;-0.57291;-0.00069;-0.21671;36.06987208;-6.116962353;81.92186863;96.13504293;0.68725;93.98039068;-0.14513;-0.08433;1.904221757;2.276690189;4.673786732;8.850765806;7.867588815;0.0056;0.371425;-0.82313;-16.95342346;Cy;binap
62;-0.21725;-0.09462;0.61674;113.9519487;0.76945;56.09564452;-0.16053;-0.09039;0.01305;2.060844072;3.556797963;8.976168044;7.280525654;0.057425;130.8738897;96.37301215;0.66565;74.27424788;-0.17443;-0.09918;1.95042999;2.2419763;0.053375;1.700000048;3.671250002;3.32785659;8.769902938;7.364866674;8.15757597;0.0755;0.07579;0.14394;-0.51039;0.0827;-0.24139;31.21796883;-8.490203184;80.67465541;95.58075885;0.74085;88.65136814;-0.17911;-0.10312;1.899981769;2.211796721;3.685790491;8.749469449;8.207672412;0.0191;0.282395;-0.84113;-24.28398914;CF3;binap
63;-0.19935;-0.078;1.295885;113.9603289;0.8365;59.90791582;-0.14185;-0.07934;-0.27574;2.076578396;3.335722355;8.999371685;7.325864296;0.165415;132.3899705;94.98559377;0.7301;73.80652723;-0.16314;-0.08728;1.97135343;2.246483859;0.06408;1.700000048;3.381251987;3.337905435;8.78365943;7.394692248;8.242355991;0.0885;0.05643;0.29693;-0.73483;0.02851;-0.22889;39.1641213;-2.268446749;82.86715366;95.51350545;0.7711;89.1737258;-0.1646;-0.089;1.908597081;2.192996877;2.817820282;8.750683948;7.887566215;0.03765;0.47473;-1.0309;-14.61344063;OMe;binap
64;-0.20236;-0.08206;1.34258;111.9771366;0.83185;62.60092882;-0.14858;-0.08278;-0.16014;2.060817001;4.467352558;9.159332196;8.117905313;0.10284;132.7353166;94.49464219;0.72545;79.13026008;-0.16339;-0.09114;1.961210289;2.234319776;0.064555;1.700000048;3.838143694;3.457567458;9.253240861;7.381712109;9.318661637;0.0825;0.08051;0.24867;-0.68936;0.07015;-0.24592;37.66625618;-1.96912473;82.47515754;94.41146716;0.77545;89.48679239;-0.1708;-0.09227;1.912359807;2.192794274;4.013474346;9.180276587;9.002348949;0.0321;0.4371;-1.04313;-17.90849288;OPh;binap
65;-0.19333;-0.07467;1.325675;117.5845243;0.8191;65.55383302;-0.13319;-0.07433;-0.24527;2.07716803;3.739553612;9.019517718;7.707763649;0.154425;128.3365076;98.39801414;0.7213;84.22681432;-0.15764;-0.08256;1.975216496;2.246844287;0.06362;1.700000048;4.08164285;3.263535039;8.877089086;7.408074882;8.006045406;0.067;0.05557;0.270115;-0.70523;0.02462;-0.24545;43.32764666;0.513302751;82.50695975;96.37112583;0.7582;93.97496178;-0.15894;-0.08556;1.910640566;2.208466638;3.85600998;8.804760991;7.979394838;0.0296;0.468255;-1.01821;-9.06813941;OiPr;binap
66;-0.20502;-0.09015;0.87303;115.5621747;0.77955;70.18266662;-0.13996;-0.08458;0.02921;2.070334253;4.203733861;9.035228787;7.888054906;0.04652;131.6168608;96.69066327;0.6519;85.13274467;-0.15823;-0.09304;1.969337288;2.267211779;0.05294;1.700000048;4.643956324;3.301180204;8.838767498;7.343656262;8.31112792;0.0363;0.06852;0.14594;-0.47246;0.06766;-0.24398;39.27142542;-2.041915829;82.12946754;94.99872708;0.688;96.76527738;-0.15961;-0.09629;1.902382125;2.260700308;4.691973102;8.781742505;8.260068132;0.0026;0.274405;-0.79122;-14.62536331;C6F5;binap
67;-0.18377;-0.05245;0.781055;145.4164611;0.79245;68.3268179;-0.10545;-0.0575;-0.32912;2.118575616;3.568616249;7.837980066;7.913407485;0.154805;113.0495861;129.0515093;0.70865;86.02837404;-0.13802;-0.06402;1.992297206;2.264222257;0.02965;1.700000048;3.70850911;3.292654489;8.670976995;7.43803131;8.307978499;0.0289;0.12047;0.191175;-0.58193;0.12249;-0.21952;45.79501391;11.12260543;162.8298778;155.5906959;0.71705;93.68333239;-0.14104;-0.05935;1.934575712;2.207711154;3.698831708;7.866911208;7.984609955;0.0317;0.440825;-0.8886;-14.74270758;i-Pr;thixantphos
68;-0.1864;-0.05818;0.825465;132.0600761;0.78225;62.68612079;-0.1224;-0.06292;-0.17615;2.102823296;4.094877478;7.851245934;7.901392046;0.113205;111.9478311;118.6957311;0.6766;79.18120822;-0.14445;-0.07081;1.991334847;2.267243268;0.025145;1.700000048;4.298801589;3.243800601;8.951854761;7.436837802;8.65148509;0.0344;0.10446;0.14925;-0.4952;0.12716;-0.21263;37.78422796;-3.283757078;167.7677418;152.8143312;0.7068;90.79759343;-0.15221;-0.06679;1.933080807;2.196873593;4.298960388;7.867817388;7.919710858;0.03615;0.398555;-0.85365;-16.35791697;Ph;thixantphos
69;-0.17861;-0.05405;0.793295;160.9096971;0.7967;79.02279569;-0.09968;-0.05895;-0.37499;2.125253291;3.873647419;7.50293171;7.858992997;0.1539;111.3022316;136.4767196;0.6773;91.90780356;-0.13568;-0.06322;2.000658954;2.290824474;0.02934;1.700000048;3.867386039;3.323941058;8.682635446;7.458647575;8.52877467;-0.0086;0.11127;0.172215;-0.53506;0.13117;-0.22866;41.02970696;15.63188851;150.0314112;148.4559212;0.65805;98.91470433;-0.14614;-0.0624;1.961729216;2.288806923;3.832871226;8.175742757;8.154159644;0.00795;0.40368;-0.78912;-28.78260456;t-Bu;thixantphos
70;-0.18504;-0.05279;0.776035;149.1204486;0.74825;60.35134562;-0.10481;-0.05771;-0.35434;2.116797188;2.984843645;7.788898009;7.93325912;0.16287;113.2357859;128.1946706;0.71475;77.08279901;-0.13715;-0.06362;1.987968765;2.262620828;0.0287;1.700000048;3.097877937;3.293718509;8.709347015;7.434116365;8.426893878;0.0481;0.11552;0.193105;-0.59152;0.12708;-0.2229;38.76188772;-4.769072002;82.04413581;100.80984;0.71225;91.64832996;-0.14085;-0.06445;1.905775589;2.265866982;3.446888784;8.861645489;8.295939678;0.0135;0.37437;-0.85851;-12.91728252;Et;thixantphos
71;-0.18282;-0.05186;0.809395;137.9913625;0.78765;66.32912176;-0.1072;-0.05471;-0.29235;2.115707127;4.512325296;7.903853518;7.980592317;0.152425;113.6907895;126.6550924;0.714;85.12439252;-0.1348;-0.06401;1.993355486;2.25675066;0.03249;1.700000048;4.41663336;3.353626722;8.658958977;7.438562601;8.172803552;0.0415;0.12056;0.18916;-0.5945;0.11135;-0.2158;36.98101583;-2.931724262;171.7577997;158.4536229;0.7017;92.18947997;-0.1371;-0.05937;1.942186518;2.221949752;4.632692445;7.830061176;7.916662065;0.0282;0.436745;-0.87161;-18.31637404;Cy;thixantphos
72;-0.19956;-0.0805;0.64705;136.8857747;0.77;61.70703949;-0.1529;-0.084;-0.06798;2.069814875;3.60763283;8.258052862;8.466153698;0.05523;112.7903832;124.3373424;0.70435;80.71410696;-0.16691;-0.09236;1.97051694;2.204949878;0.02431;1.700000048;3.575261251;3.279080835;8.716788926;7.40410238;8.336444237;0.045;0.14138;0.11282;-0.55104;0.16647;-0.25604;30.04829117;-6.355415953;79.76317476;104.8580346;0.71905;91.27039497;-0.17469;-0.08896;1.906711257;2.223629371;3.62058251;8.990530488;8.639196741;0.0094;0.26195;-0.83713;-28.75813169;CF3;thixantphos
73;-0.18833;-0.06113;1.3078;128.9507251;0.8345;59.7123362;-0.13701;-0.06906;-0.29784;2.081090247;3.192163283;7.968875263;7.935552056;0.16323;114.9784384;123.6054734;0.749;78.3638803;-0.15351;-0.07452;1.984990266;2.226324434;0.02196;1.700000048;3.20544393;3.296095654;8.779643418;7.424367834;8.385376741;0.0594;0.12691;0.24067;-0.73716;0.13966;-0.24084;32.08079435;-13.52345668;81.98154133;101.8535261;0.7777;89.64339528;-0.1524;-0.07276;1.913020794;2.201231001;3.031488286;8.907905062;8.211527258;0.029;0.450465;-1.06172;-17.52508459;OMe;thixantphos
74;-0.19056;-0.06656;1.34813;135.4763346;0.84495;79.60995215;-0.14517;-0.076;-0.30142;2.068565023;5.449949749;8.546858253;8.614860538;0.11821;123.471044;112.5277914;0.72655;92.70967999;-0.16139;-0.08023;1.963307659;2.242276642;0.05099;1.700000048;5.20257161;3.337978726;9.048145588;7.371407361;9.099583811;0.0436;0.07839;0.22513;-0.70813;0.07377;-0.2708;37.72335954;-1.989832542;169.5651588;148.5297773;0.82325;94.42242846;-0.17386;-0.07116;1.938651147;2.138744718;4.882355028;8.072999592;8.179945502;0.0454;0.45964;-1.04991;-17.77357834;OPh;thixantphos
75;-0.18708;-0.05755;1.326855;139.3097016;0.8378;76.37857319;-0.1277;-0.06368;-0.39581;2.085829511;3.96460648;8.194356783;8.165236123;0.16451;119.0369432;116.1492178;0.7188;83.47873969;-0.15402;-0.06849;1.994527515;2.250342884;0.021225;1.700000048;4.093487796;3.419654171;8.473639592;7.432761514;7.912954414;0.0609;0.10899;0.22936;-0.65299;0.09412;-0.17693;22.47550683;-34.84371857;168.5371253;149.4812858;0.79755;93.88065204;-0.16114;-0.06324;1.937985879;2.139061036;4.305184301;8.110628472;8.078472878;0.05575;0.509245;-1.06918;-15.41539774;OiPr;thixantphos
76;-0.1943;-0.07626;0.88081;125.7227304;0.7818;69.98792222;-0.14221;-0.07518;-0.00317;2.07709393;4.782343574;8.206586351;8.477897414;0.043815;114.9786531;117.360955;0.6773;86.11781169;-0.15869;-0.08468;1.987067622;2.250980119;0.021725;1.700000048;4.89853858;3.247647512;8.725794315;7.429107422;8.191313167;0.0382;0.122;0.108395;-0.45902;0.13298;-0.22396;29.31849765;-5.970752645;76.90279094;101.5715918;0.6575;94.79187209;-0.1593;-0.08754;1.905629296;2.307579847;5.06014583;9.241090973;9.074374547;-0.01655;0.22492;-0.72071;-30.60238203;C6F5;thixantphos
77;-0.19097;-0.05524;0.785705;132.7191593;0.7618;54.36312928;-0.11076;-0.05753;-0.28139;2.105099835;2.912848581;9.002598868;6.760746039;0.151785;127.7601278;104.076351;0.6587;69.62397709;-0.1447;-0.06378;1.976283795;2.277198241;0.06303;1.700000048;2.907344172;3.29203227;8.939262027;7.418864666;6.371279551;0.0743;0.06595;0.22647;-0.60322;0.03182;-0.21814;44.01539704;-4.380643638;83.31758224;101.6810751;0.7274;85.81170523;-0.14543;-0.06439;1.903758511;2.245645838;2.946282394;8.789007771;5.876891451;0.0265;0.380175;-0.8594;-2.798692254;Me;sixantphos
78;-0.17352;-0.05663;0.789175;161.6869002;0.80405;69.79617067;-0.10164;-0.06376;-0.40613;2.115264529;3.121797584;8.890252498;6.85276207;0.156955;123.0841692;113.6693622;0.6627;83.93936101;-0.14408;-0.06653;1.979749168;2.292978985;0.05854;1.700000048;3.790445917;3.293041013;8.836219133;7.417439538;7.834322986;0.047;0.06592;0.192795;-0.56085;0.03522;-0.21872;40.28861827;2.021835526;85.03966627;105.4686952;0.6903;95.7713014;-0.14588;-0.06581;1.90292427;2.290193765;3.704264187;8.834384952;7.728655193;0.0065;0.335495;-0.8105;-16.65472895;i-Pr;sixantphos
79;-0.19085;-0.06122;0.825915;131.064358;0.7845;62.52541142;-0.12081;-0.06375;-0.17725;2.100004298;4.182116307;8.983468935;7.682536146;0.111955;125.8709972;105.9010527;0.66605;77.7090714;-0.15359;-0.06888;1.97679904;2.282197637;0.058715;1.700000048;4.327310376;3.268955556;8.891050773;7.40283574;7.412266585;0.062;0.05709;0.18236;-0.53541;0.03603;-0.21739;41.64278372;6.772709754;81.85347196;101.8959546;0.6729;90.54062548;-0.14694;-0.07306;1.897110921;2.291585518;4.796865244;8.959804354;7.597028749;0.0089;0.30179;-0.78021;-18.69727229;Ph;sixantphos
80;-0.17116;-0.05854;0.81297;164.1159436;0.8005;79.16067584;-0.09852;-0.06367;-0.39161;2.119135955;3.87033925;8.839156221;6.818922045;0.1363;113.6112255;131.6527312;0.6778;90.06531829;-0.13614;-0.0669;1.995843871;2.291721193;0.0314;1.700000048;3.979040329;3.397880149;8.877381475;7.439984987;6.985903824;0.0058;0.10782;0.150945;-0.52975;0.11716;-0.21558;36.17152861;8.023963645;150.077501;148.198339;0.66325;98.9074658;-0.14519;-0.06313;1.961781383;2.280898239;3.837346146;9.069636971;7.131198573;0.0086;0.387155;-0.79901;-30.89103639;t-Bu;sixantphos
81;-0.18426;-0.05485;0.783145;145.4480369;0.7836;59.97410664;-0.10432;-0.06037;-0.34401;2.112253089;3.144973933;8.985620067;6.87976419;0.151285;127.0982405;105.7643887;0.673;74.80822895;-0.14581;-0.06456;1.979641326;2.279056268;0.062985;1.700000048;3.230383502;3.313647676;8.981050491;7.417182671;6.761273694;0.0688;0.06559;0.223145;-0.59745;0.03267;-0.21881;45.48690676;6.179713301;82.16578247;100.0176571;0.71405;91.65661251;-0.13965;-0.06669;1.906139632;2.260832532;3.334323169;8.877914322;7.220801704;0.01495;0.371205;-0.86204;-10.41602976;Et;sixantphos
82;-0.18038;-0.05546;0.8087;138.1530559;0.7909;66.49539923;-0.10563;-0.05776;-0.30561;2.112897213;4.256662882;9.025678917;7.716780623;0.15321;123.5038678;111.7809707;0.6756;82.25041617;-0.14224;-0.06447;1.980392518;2.28317222;0.062275;1.700000048;4.638414282;3.262755605;9.015437387;7.426622701;7.529597561;0.0406;0.07369;0.207885;-0.57451;0.04878;-0.22581;44.91963819;17.26341314;83.17322601;105.9808204;0.64235;93.84473778;-0.14304;-0.067;1.897325408;2.357740545;4.84178236;9.04687743;7.836683429;-0.0059;0.28108;-0.72273;-22.63426673;Cy;sixantphos
83;-0.21708;-0.08306;0.647325;135.5649308;0.7716;61.76285972;-0.15122;-0.08534;-0.07061;2.069203184;3.609144275;8.950960636;7.419533835;0.0554;120.5278841;112.7048417;0.67365;78.66219142;-0.17518;-0.08789;1.944918639;2.230780619;0.051975;1.700000048;3.556180783;3.320430681;8.674078562;7.345595583;6.752565412;0.0652;0.10506;0.11549;-0.51263;0.07245;-0.25281;31.55556892;-3.580569061;79.65558713;104.1381499;0.72095;91.13265402;-0.17331;-0.08934;1.906494931;2.219743293;3.571386325;8.855045907;7.570531;0.0101;0.266265;-0.83951;-28.51842307;CF3;sixantphos
84;-0.19936;-0.06738;1.312495;128.2498964;0.8373;59.48613202;-0.1353;-0.06982;-0.30066;2.078719497;3.114309228;8.981851976;6.820196932;0.1535;127.3446434;103.4708773;0.7332;75.36023676;-0.15826;-0.07382;1.970249644;2.24421626;0.06471;1.700000048;3.563014504;3.40353668;8.902368287;7.397730309;6.632794329;0.083;0.07351;0.27119;-0.74674;0.05127;-0.23122;42.60161819;6.27634976;82.00605052;101.5997398;0.777;89.42596086;-0.15118;-0.07465;1.913094272;2.199602176;3.059181518;8.90418711;7.106074426;0.03025;0.44754;-1.06121;-16.28324334;OMe;sixantphos
85;-0.20696;-0.0732;1.344385;127.4384875;0.88945;80.74494033;-0.14901;-0.07705;-0.44988;2.076879887;5.03946423;8.982542097;7.235554682;0.179465;125.2698769;108.9702533;0.71725;88.97431811;-0.16493;-0.08278;1.974562625;2.253891526;0.0496;1.700000048;5.341229043;3.322656224;8.852169369;7.375689445;7.757704045;0.0536;0.05851;0.219675;-0.66249;0.04915;-0.23878;33.93633987;-5.365206003;78.66778979;110.4299383;0.76485;95.03415417;-0.16632;-0.08076;1.906433283;2.215207121;3.852604859;8.861489618;8.37646034;0.004;0.36739;-0.94304;-21.97224423;OPh;sixantphos
86;-0.18852;-0.06272;1.326635;137.7014736;0.8385;77.5470396;-0.12771;-0.06533;-0.39738;2.083120901;4.257280463;9.014599647;7.376990331;0.16411;126.104068;104.6669532;0.7248;83.4362829;-0.14899;-0.06769;1.972005999;2.240327809;0.068285;1.700000048;4.121653439;3.245986742;8.884412237;7.410322113;7.100720073;0.0479;0.08632;0.27488;-0.73222;0.05406;-0.26685;45.72661537;6.542413776;171.3910212;152.3982506;0.7919;94.86718068;-0.15772;-0.06645;1.936494566;2.146001023;4.36647525;8.997545296;7.155789076;0.0544;0.507375;-1.07598;-10.299313;OiPr;sixantphos
87;-0.20858;-0.07764;0.880555;124.8770607;0.7835;69.76700773;-0.14093;-0.07427;-0.0044;2.074570153;4.286928364;8.981455668;8.408155416;0.044165;126.0046007;105.948486;0.59305;82.43298035;-0.16134;-0.08241;1.989661289;2.353827377;0.04338;1.700000048;4.953411019;3.411046659;8.937344106;7.371950138;8.223716911;0.0324;0.03047;0.104125;-0.37812;0.02645;-0.16858;29.80670002;-5.016938246;76.68181717;100.9774958;0.6554;94.46418923;-0.15828;-0.08825;1.905706521;2.309781589;5.366227182;8.926790312;8.069531803;-0.01625;0.223735;-0.71776;-30.57979169;C6F5;sixantphos
88;-0.19159;-0.0498;0.77709;135.614144;0.7524;54.53253882;-0.11031;-0.05099;-0.2796;2.116889068;2.844534287;7.53460045;6.408303725;0.157465;127.5463772;104.8213895;0.6707;69.44016009;-0.14741;-0.05865;1.978437007;2.289062535;0.062965;1.700000048;2.989567321;3.391803632;7.762740638;7.417712603;6.952432614;0.0861;0.06259;0.22352;-0.59646;0.03518;-0.20247;44.18043203;-0.870355641;83.65107787;101.2286617;0.72885;86.15435237;-0.14545;-0.05953;1.904129601;2.243470718;2.995893849;7.498381691;6.686229469;0.03035;0.387615;-0.86553;-5.978910268;Me;dpephos
89;-0.18666;-0.05262;0.778595;149.069737;0.79325;69.74327369;-0.10231;-0.05591;-0.34774;2.128430275;3.580144327;7.53847327;6.782209404;0.154915;126.38593;107.2175983;0.6918;85.75504978;-0.14913;-0.05714;1.986543758;2.288351422;0.060195;1.700000048;3.973493744;3.255793001;7.805413275;7.414288345;7.085480615;0.0615;0.04256;0.21255;-0.56194;0.00298;-0.20529;44.1321138;6.123864958;160.2642196;146.9227985;0.7088;95.91370564;-0.14401;-0.06037;1.93651483;2.219792547;3.862117044;7.55766301;6.807498381;0.0301;0.444065;-0.87537;-13.06976733;i-Pr;dpephos
90;-0.19271;-0.05641;0.813065;130.7727022;0.77875;63.12551372;-0.12033;-0.05863;-0.16826;2.109529042;4.008998677;7.50857179;7.521212948;0.12012;128.0267016;103.9322169;0.66635;79.58252924;-0.15081;-0.06699;1.976304179;2.282902953;0.062005;1.700000048;4.344032381;3.361729705;7.769975633;7.414781125;7.359576145;0.0617;0.06273;0.199385;-0.5557;0.03804;-0.22452;42.65181895;6.52672604;79.7099314;101.5897982;0.6803;91.33289693;-0.15086;-0.07024;1.904785006;2.280667821;4.390383936;7.915234704;7.754055942;0.00345;0.317855;-0.79409;-16.43321811;Ph;dpephos
91;-0.18403;-0.05652;0.788275;157.7216621;0.7863;78.37842697;-0.09718;-0.05501;-0.36768;2.135176978;3.891391045;7.430510679;6.71983421;0.16111;111.8739329;134.55214;0.65465;90.81179209;-0.13184;-0.06095;1.998248043;2.317171028;0.032315;1.700000048;3.914709871;3.314564664;7.746001745;7.455211984;7.05967381;-0.0088;0.11034;0.177185;-0.51408;0.1286;-0.23282;39.61341808;16.78838847;148.8393694;147.3670472;0.6528;98.82373545;-0.14507;-0.06379;1.962523188;2.300852719;3.849484419;7.823903432;7.036695811;0.0089;0.39949;-0.77688;-32.77168228;t-Bu;dpephos
92;-0.19009;-0.05111;0.765505;156.1765597;0.7478;62.89408944;-0.10259;-0.05632;-0.39358;2.12521307;2.85440388;7.53722686;6.520110704;0.1824;127.5995354;104.6806713;0.7028;77.64803107;-0.15047;-0.05764;1.986607152;2.286321214;0.06028;1.700000048;3.491997948;3.301653255;7.714990686;7.417544039;6.946246423;0.076;0.04188;0.23069;-0.58219;6.00E-05;-0.19932;43.40608534;-1.164030074;164.4806357;148.6747303;0.73585;92.31879916;-0.14704;-0.06032;1.934803577;2.191318572;3.515436939;7.638832034;6.513796129;0.0437;0.469215;-0.91425;-7.233929217;Et;dpephos
93;-0.18968;-0.05311;0.79532;151.9303114;0.7903;69.11964616;-0.09997;-0.05523;-0.37063;2.127419061;4.796387474;7.493884097;7.054835234;0.171425;125.3857462;107.7421253;0.6691;83.53581274;-0.14317;-0.05769;1.983472223;2.297153478;0.05981;1.700000048;4.715052066;3.373682322;7.805433082;7.424118096;7.191874997;0.0472;0.0597;0.22309;-0.56391;0.02584;-0.21985;46.55681041;13.0547071;83.9220819;104.3527385;0.6475;93.3433301;-0.14335;-0.06338;1.90245351;2.356645109;4.824034914;7.873061567;7.419500871;-0.00135;0.31382;-0.7361;-15.15121625;Cy;dpephos
94;-0.22533;-0.08506;0.63638;126.9095514;0.77765;61.37093487;-0.15111;-0.08069;-0.03369;2.065293055;3.58804573;7.731022613;7.020929199;0.05625;125.4221859;106.2290267;0.68515;78.77083903;-0.17355;-0.08452;1.945310897;2.222771054;0.057875;1.700000048;3.65220073;3.298469112;7.687556523;7.354629476;7.011088406;0.0625;0.10213;0.13557;-0.53118;0.07559;-0.26423;34.05493916;-0.769326616;164.0392269;145.0416338;0.76435;93.48496872;-0.1848;-0.08433;1.938023967;2.146609201;3.500891821;7.701515321;6.757461092;0.04;0.36115;-0.90754;-26.33092504;CF3;dpephos
95;-0.20359;-0.06003;1.328355;124.4350931;0.8254;55.95143065;-0.13438;-0.06389;-0.2517;2.078737877;2.835254187;7.585089741;6.660803706;0.12986;127.8605072;104.212662;0.7351;80.23942619;-0.15989;-0.06978;1.972781112;2.251496817;0.061005;1.700000048;3.363523233;3.390979229;7.810742382;7.394583502;7.043219566;0.0824;0.06403;0.260415;-0.77283;0.02789;-0.25225;36.4357101;-4.543168592;84.41294664;101.3057513;0.77885;90.15343352;-0.16242;-0.07061;1.914269887;2.194565816;3.412261446;7.614093185;6.871595962;0.0385;0.4493;-1.05234;-17.79554118;OMe;dpephos
96;-0.21064;-0.07287;1.35713;124.4288152;0.84275;77.31095203;-0.14488;-0.07164;-0.21965;2.064036521;5.360130451;7.731647111;6.720699027;0.09575;129.6146048;100.7352474;0.73455;88.92051632;-0.16179;-0.07601;1.957570405;2.229274583;0.060675;1.700000048;5.000195644;3.342916829;8.508770254;7.383324995;8.325693231;0.0653;0.09066;0.224875;-0.70397;0.05629;-0.24709;34.74457207;-1.630269613;78.17807461;102.3680781;0.7513;92.66450875;-0.16694;-0.08376;1.914929963;2.245332513;5.622688023;7.885542335;7.218271132;0.00565;0.36159;-0.96837;-24.09071622;OPh;dpephos
97;-0.1926;-0.05578;1.311965;132.2806164;0.82135;68.4514042;-0.12568;-0.06135;-0.32666;2.086455772;3.697006663;7.650533852;7.570834553;0.17079;127.2817191;105.1855778;0.7287;85.07379238;-0.16124;-0.06356;1.977682683;2.253078731;0.055615;1.700000048;4.262400374;3.268265898;7.798311312;7.41146228;7.247456557;0.0744;0.05672;0.27377;-0.71923;0.02199;-0.23603;46.59257845;10.11670774;161.5146564;139.8486885;0.7874;95.14196656;-0.16619;-0.06439;1.931313058;2.155052884;3.724257229;7.653218526;7.663113659;0.05595;0.50826;-1.05698;-12.14168081;OiPr;dpephos
98;-0.20908;-0.07685;0.872635;125.4983943;0.78185;70.4630206;-0.14097;-0.0731;-0.00628;2.075707504;4.481404165;8.189250963;8.364393797;0.052075;123.7568769;111.927386;0.6688;89.57017473;-0.16699;-0.08411;1.959616842;2.254205852;0.040125;1.700000048;5.000941765;3.426445633;8.506335269;7.358366078;8.23866121;0.062;0.0758;0.12793;-0.4796;0.06028;-0.23255;33.21282144;-12.38327196;78.80005277;101.3488369;0.67385;97.22534189;-0.15748;-0.08257;1.90467579;2.279730963;5.172468046;8.273058166;7.791589214;-0.0181;0.26062;-0.77034;-16.40121512;C6F5;dpephos
99;-0.18499;-0.03626;0.76831;120.2699889;0.7636;51.58241866;-0.11555;-0.04556;-0.24377;2.104073353;2.788697636;8.860649445;6.749949686;0.160655;131.3680409;96.65367172;0.67055;67.09828558;-0.14249;-0.05509;1.976206682;2.284845332;0.06703;1.700000048;2.970172455;3.24753357;8.606891274;7.422126866;7.888146939;0.0816;0.06312;0.241315;-0.60715;0.02944;-0.21299;46.26690103;-0.967619609;85.58411468;94.99415905;0.73665;84.58171128;-0.14573;-0.06117;1.902095574;2.231406015;3.018740378;8.53132927;7.997728574;0.0444;0.411795;-0.88887;-1.708708298;Me;synphos
100;-0.17488;-0.04159;0.770535;125.6334222;0.80805;63.7138534;-0.11183;-0.04499;-0.2533;2.104070202;3.517035742;8.836846161;6.719758441;0.157905;129.6647517;99.45568061;0.68525;80.99292972;-0.14249;-0.05226;1.974992384;2.27127028;0.072;1.700000048;3.674389389;3.284536332;8.623828781;7.417847707;7.504375891;0.0723;0.06769;0.242385;-0.59951;0.01951;-0.2206;49.71067303;16.96597365;81.66791278;96.46170283;0.6965;91.67115918;-0.14452;-0.06349;1.913372047;2.285115321;3.794134073;8.554466633;7.934573801;0.00825;0.37014;-0.82343;-12.75475757;i-Pr;synphos
101;-0.18582;-0.05483;0.812695;119.6065308;0.7916;61.5728482;-0.12292;-0.05613;-0.17614;2.093796381;3.593112509;8.841413132;7.739246427;0.12404;130.2878521;97.16083822;0.6704;78.96050254;-0.14858;-0.06386;1.973228843;2.275468058;0.069835;1.700000048;3.884321267;3.31566746;8.571675345;7.412650391;7.82071114;0.0779;0.06147;0.209795;-0.58112;0.03561;-0.22029;46.59822603;6.261917041;82.31148718;94.4780608;0.6956;91.63239127;-0.14936;-0.06465;1.905266021;2.26078521;4.087768202;8.469279985;8.015817642;0.0158;0.355285;-0.85449;-8.275594944;Ph;synphos
102;-0.17845;-0.03892;0.791095;141.0833494;0.7892;74.73194594;-0.10738;-0.04531;-0.31897;2.110913348;3.852530464;8.854999992;6.763532154;0.150255;124.159476;109.795674;0.66115;88.98260067;-0.13996;-0.05203;1.99435745;2.293202434;0.06286;1.700000048;3.88889349;3.26183583;8.689468682;7.443621499;7.318045127;0.0159;0.06794;0.19164;-0.54854;0.04713;-0.23874;41.03786458;14.43083537;88.93896267;105.1230797;0.6228;97.48286665;-0.14557;-0.06564;1.903721258;2.380631872;3.907497929;8.72624435;7.309482091;-0.01635;0.25554;-0.68732;-27.56523618;t-Bu;synphos
103;-0.1793;-0.03699;0.75713;123.8057273;0.76205;60.11609327;-0.11528;-0.04546;-0.26548;2.106418257;3.332928127;8.858007347;6.61089542;0.170595;130.3650692;98.647054;0.69325;78.9586233;-0.14339;-0.05507;1.977460094;2.284604375;0.06861;1.700000048;3.293588476;3.324441261;8.627005108;7.421639607;7.768597855;0.0701;0.06053;0.24764;-0.61002;0.03465;-0.21426;46.93206107;4.4973604;83.02865095;96.36080798;0.71875;91.63266967;-0.14391;-0.0557;1.898715741;2.247308028;3.373701016;8.573489222;7.593280194;0.02155;0.392445;-0.87042;-5.843368222;Et;synphos
104;-0.17333;-0.04118;0.798045;122.8206683;0.79585;64.26405157;-0.10993;-0.04293;-0.22572;2.109592322;4.378147401;8.743568036;7.960943911;0.153895;129.8967446;99.11619323;0.6824;81.05898134;-0.14039;-0.05183;1.97512988;2.267895738;0.073325;1.700000048;4.654672743;3.287485216;8.596050174;7.413432765;7.766396886;0.067;0.0703;0.251885;-0.60798;0.01698;-0.22673;49.70314291;10.30998066;82.19027588;95.9048946;0.6919;93.83207034;-0.14116;-0.05778;1.904097164;2.272446922;4.661864446;8.635450468;7.736914269;0.0092;0.385105;-0.83829;-6.113824806;Cy;synphos
105;-0.20862;-0.07408;0.62778;113.7114664;0.77255;56.05979986;-0.15476;-0.06907;-0.00537;2.062069709;3.540164631;8.762400168;7.032421715;0.05613;131.02023;96.30289916;0.6704;74.18272219;-0.17077;-0.07848;1.951600209;2.241244538;0.055555;1.700000048;3.661037943;3.313206041;8.561791453;7.368502901;7.925656759;0.0779;0.07586;0.13889;-0.52591;0.0763;-0.24268;32.91538195;-7.286012504;81.02336609;95.79336414;0.7441;88.93722063;-0.17578;-0.08395;1.90007209;2.209138999;3.673285699;8.533643841;7.94943304;0.022;0.279635;-0.85174;-22.09335356;CF3;synphos
106;-0.19162;-0.05194;1.32799;114.1901663;0.82855;52.47324553;-0.1344;-0.05525;-0.22405;2.068696702;2.519075989;8.782615489;6.975890278;0.137505;131.5574565;94.61897591;0.7213;68.93541155;-0.1527;-0.06466;1.968749559;2.240175835;0.066225;1.700000048;2.885129448;3.363480577;8.488025515;7.398783214;7.899181209;0.0882;0.06988;0.265095;-0.69508;0.05077;-0.23482;40.05455724;-3.167667826;83.39901267;93.84465189;0.7713;86.42879024;-0.15846;-0.069;1.905516047;2.190978641;2.973796825;8.435908209;7.997123572;0.0444;0.43661;-1.01406;-11.93334767;OMe;synphos
107;-0.19448;-0.05466;1.34887;113.4138553;0.83315;60.61450808;-0.14564;-0.06502;-0.15783;2.058620281;3.939192019;8.696589496;9.718195391;0.104105;132.6099987;94.61122886;0.7389;86.89337883;-0.16275;-0.07154;1.960780678;2.227408656;0.064045;1.700000048;5.095436527;3.267620605;8.795423636;7.364810015;8.549097583;0.0837;0.0743;0.241225;-0.70747;0.0383;-0.25726;39.73452741;-3.042793441;82.79577021;93.86008877;0.77655;90.02780319;-0.16519;-0.07117;1.909516373;2.186725486;4.214342075;9.004215717;8.788263306;0.0296;0.42127;-1.01347;-12.69828172;OPh;synphos
108;-0.18527;-0.04429;1.32838;115.9257199;0.8334;61.57744189;-0.12992;-0.05021;-0.26848;2.073679197;3.922216061;8.792996127;7.704630774;0.15344;131.9944919;95.99927489;0.7185;78.76130365;-0.15118;-0.05979;1.974586241;2.253322358;0.066705;1.700000048;4.134149142;3.306665739;8.551838812;7.414724464;7.915558228;0.0831;0.07152;0.2842;-0.7377;0.03825;-0.23148;40.81949129;-1.364833105;82.82947829;94.5357786;0.74805;92.4400446;-0.15276;-0.05943;1.906865431;2.225415992;4.261659782;8.527305898;7.927375787;0.02915;0.445115;-1.00469;-12.20631429;OiPr;synphos
109;-0.19665;-0.07548;0.874735;115.5689371;0.7853;69.63330366;-0.13617;-0.07349;0.01288;2.07042459;4.191821388;8.732886991;7.734137639;0.045895;131.605964;96.72335286;0.6608;84.90389564;-0.15544;-0.08147;1.969455133;2.26166163;0.054955;1.700000048;4.616829276;3.299185057;8.610367865;7.344634932;8.199902769;0.0403;0.0703;0.149585;-0.48994;0.06391;-0.24704;40.22586733;-1.994852617;81.84345679;94.63679941;0.6933;96.86647765;-0.15698;-0.08204;1.9029318;2.257975589;4.707009017;8.508765057;8.110798581;0.0054;0.2784;-0.80404;-12.7635427;C6F5;synphos
110;-0.18524;-0.03996;0.772095;121.7806994;0.7644;51.73122621;-0.11741;-0.04817;-0.24072;2.102446702;2.799169036;8.209687437;6.018419814;0.158965;131.2124206;97.11775589;0.67495;67.16197076;-0.1434;-0.0586;1.97502626;2.279137731;0.067195;1.700000048;2.977817598;3.243178829;8.08401623;7.420284741;7.304130936;0.0805;0.06506;0.24056;-0.6108;0.02909;-0.21898;45.61052612;-1.15775498;85.2540986;95.40563933;0.7387;84.52665667;-0.14727;-0.06479;1.901585984;2.229058289;3.019121875;8.032682251;7.385094783;0.04395;0.40703;-0.89124;-2.831322747;Me;segphos
111;-0.1753;-0.045;0.774195;126.9539445;0.8074;63.76577596;-0.11454;-0.04771;-0.25066;2.105069833;3.507773576;8.256737482;6.651218114;0.155125;129.781439;99.98005574;0.6869;81.04972437;-0.14672;-0.05733;1.985093317;2.278781393;0.071835;1.700203879;3.703112031;3.325249844;8.000838802;7.428921694;7.070310233;0.0721;0.05313;0.23304;-0.59559;0.01186;-0.2169;47.08642841;11.44953786;81.88340554;97.14448436;0.698;91.78099001;-0.14643;-0.06653;1.912242881;2.283979448;3.784931344;7.972690356;7.207336817;0.0087;0.36588;-0.82411;-12.48681102;i-Pr;segphos
112;-0.18593;-0.05691;0.814155;119.9707424;0.7906;61.75979726;-0.12436;-0.05705;-0.16932;2.094563804;3.531619;8.128060349;7.749809513;0.123205;129.7423306;97.81977311;0.6711;78.98757744;-0.14998;-0.06434;1.97326867;2.275224427;0.068995;1.700000048;3.796156209;3.311233695;8.092224705;7.411563293;7.683996551;0.0779;0.06214;0.209;-0.57923;0.03634;-0.22073;45.79062134;5.124869876;82.25022069;95.25970705;0.6946;91.43152195;-0.1509;-0.06572;1.90558572;2.262761297;4.05592347;7.941705699;7.431803487;0.0149;0.352815;-0.85139;-8.753757164;Ph;segphos
113;-0.18055;-0.04256;0.79265;142.3484777;0.78725;74.93253685;-0.10965;-0.04721;-0.31372;2.113256897;3.849536607;8.225742032;6.761890807;0.1509;123.7002862;110.8728523;0.66275;89.14797332;-0.1422;-0.05406;1.99342018;2.293172748;0.061815;1.700000048;3.884268224;3.257493398;8.126390987;7.441381075;7.329732318;0.0159;0.06738;0.191585;-0.54823;0.04806;-0.23823;40.61680573;14.58332018;89.1457554;106.0163363;0.61955;97.50353823;-0.14726;-0.06797;1.901474728;2.386275061;3.897545049;8.157409305;7.112137373;-0.0174;0.251115;-0.68094;-28.55983869;t-Bu;segphos
114;-0.17798;-0.0416;0.75816;124.6761403;0.7621;60.30387754;-0.11716;-0.04765;-0.25655;2.106125853;3.32496553;8.19973348;5.896809677;0.169815;130.1344146;99.28774754;0.69745;77.35201679;-0.14475;-0.05758;1.977295291;2.283063158;0.06823;1.700000048;3.399479578;3.311507362;8.101754875;7.420756305;7.211225795;0.0706;0.06212;0.24467;-0.61437;0.03295;-0.21683;44.27518596;-2.053838508;83.09557382;97.660116;0.728;91.80221841;-0.1474;-0.06388;1.902893821;2.239684905;3.313346536;8.05389695;7.406108953;0.02715;0.4027;-0.88433;-4.60591954;Et;segphos
115;-0.17368;-0.04438;0.80199;125.2851182;0.8076;63.63325511;-0.11358;-0.05019;-0.2523;2.102877746;4.364537238;8.213029892;7.664876082;0.156435;130.180818;99.47266237;0.6846;81.37420557;-0.14343;-0.05841;1.988377833;2.278418209;0.072255;1.700000048;4.602621491;3.305279565;8.242446412;7.419200886;7.633565537;0.0611;0.05131;0.23997;-0.60015;0.00213;-0.22829;47.68005237;5.853408375;82.24594994;96.3819659;0.69205;93.89171864;-0.14282;-0.06161;1.905455574;2.27347833;4.647284205;8.04790463;7.437212601;0.00815;0.380925;-0.83766;-5.70343361;Cy;segphos
116;-0.20529;-0.07816;0.624585;114.4642515;0.7723;56.17220594;-0.15706;-0.07115;0.00068;2.062304791;3.523684235;8.12705233;6.342361197;0.058495;131.1089329;96.91854602;0.67545;74.31113656;-0.17131;-0.08029;1.948990609;2.236045963;0.055735;1.700000048;3.654991103;3.247376541;7.82809438;7.367621462;7.165042371;0.0748;0.08083;0.145075;-0.53012;0.07523;-0.25406;32.50059819;-7.375746357;80.74675548;96.41322505;0.7448;88.87680671;-0.17763;-0.08569;1.900498433;2.209255602;3.660426798;7.798192654;7.167225806;0.0203;0.281215;-0.85134;-22.83318723;CF3;segphos
117;-0.19005;-0.05377;1.329965;114.8994285;0.82865;52.54799732;-0.13628;-0.05741;-0.21973;2.068523293;2.540175028;8.132036159;6.574741718;0.134215;131.4099957;94.83884905;0.72405;69.05644819;-0.15437;-0.06765;1.967174299;2.237485378;0.066465;1.700000048;2.900816594;3.374401456;8.009071502;7.395187111;7.366845459;0.089;0.07045;0.26383;-0.69662;0.05127;-0.23696;39.57262996;-4.080694111;83.45636208;94.00632297;0.773;86.47723274;-0.15993;-0.07206;1.905193811;2.188630468;3.009010205;7.978652663;7.383524752;0.04415;0.434435;-1.0166;-11.98417594;OMe;segphos
118;-0.19385;-0.06041;1.344825;113.9066289;0.83515;60.63009877;-0.14753;-0.0675;-0.15638;2.057269541;3.892155883;8.420174209;9.708531051;0.109175;132.3682029;95.06875648;0.744;87.14547469;-0.16325;-0.07375;1.959742905;2.222371841;0.06485;1.700000048;5.061210071;3.284516636;8.383281804;7.367367819;8.315064005;0.0818;0.07856;0.247355;-0.71472;0.04144;-0.26107;39.38249459;-1.357302993;83.7027711;96.54302931;0.82945;95.66919631;-0.17176;-0.0738;1.916182755;2.18087148;4.748704516;7.946594271;8.011418118;0.0275;0.45785;-1.10671;-15.08783779;OPh;segphos
119;-0.18643;-0.04916;1.315645;117.6256738;0.8308;62.16967924;-0.13107;-0.05164;-0.26915;2.076205198;3.925398735;8.195798505;7.711777846;0.167885;131.7503823;96.49263913;0.7203;78.76151246;-0.15272;-0.06172;1.974137357;2.251902287;0.066615;1.700000048;4.117703974;3.316099923;7.874668786;7.413674185;7.720067227;0.0825;0.07262;0.29712;-0.73679;0.03942;-0.23323;41.90696521;0.666415061;82.68587933;94.66859381;0.75015;92.43252766;-0.15419;-0.06264;1.906582761;2.222540745;4.217574867;7.956205063;7.612662928;0.0286;0.45789;-1.00721;-12.06261462;OiPr;segphos
120;-0.19583;-0.07881;0.866005;116.3980142;0.784;70.2360508;-0.13774;-0.07536;0.01611;2.071975482;4.152225668;8.460186765;7.830502521;0.055125;131.2324104;97.46685135;0.6599;85.3828917;-0.15697;-0.08315;1.96988979;2.264305798;0.05369;1.700000048;4.60520269;3.289830703;8.577278282;7.348576228;8.135739321;0.0374;0.07145;0.15739;-0.48553;0.06632;-0.24621;39.71507461;-2.071408774;81.40298089;95.22162414;0.6916;97.01960049;-0.15787;-0.08388;1.903624101;2.261217904;4.713841694;8.470431795;8.051691463;0.0034;0.285635;-0.80254;-13.70857197;C6F5;segphos
121;-0.17877;0.01549;1.141445;100.4963928;0.7185;62.49624848;-0.10567;-0.02051;-0.24002;2.09885149;4.092568413;7.480154714;7.352138947;0.15938;136.8546915;86.29019621;0.69755;83.18530066;-0.13976;-0.02734;1.977683688;2.270767168;0.07938;1.700000048;4.169617565;3.258582867;7.708753675;7.419623023;7.438184168;0.0822;0.05439;0.29891;-0.71701;0.01691;-0.24807;51.61390926;8.272457396;83.04280735;87.06271289;0.75175;92.18001419;-0.14676;-0.03004;1.907740262;2.240778061;4.251240393;7.681241798;7.626440394;0.0274;0.47228;-0.97453;-0.254768847;NEt2;dppe
122;-0.19623;-0.05553;0.785185;100.1767412;0.79105;63.42138879;-0.11709;-0.05107;-0.11784;2.10196044;4.553113958;7.842666427;7.586925006;0.12715;135.6309839;86.15183272;0.6619;80.39554187;-0.15031;-0.06345;1.971817917;2.298344554;0.06961;1.700000048;4.420633231;3.243992537;8.015720457;7.414792235;7.714910608;0.0754;0.05358;0.20869;-0.57471;0.03056;-0.21657;46.21356273;3.613199552;86.25890065;86.47829432;0.72305;96.34850488;-0.1534;-0.06319;1.911427937;2.241329437;4.382653907;7.975881018;7.66885345;0.02475;0.393765;-0.95223;-6.396204069;o-Tol;dppe
123;-0.1992;-0.05126;0.780005;100.2045815;0.79145;53.601552;-0.11506;-0.04834;-0.10185;2.101725488;3.713608495;8.892037814;8.048219585;0.12023;136.5991313;86.80162595;0.6768;72.76696241;-0.14617;-0.05901;1.968546335;2.285293546;0.07255;1.700000048;4.453890783;3.259355322;8.998909006;7.411516118;7.728006316;0.0839;0.05589;0.230005;-0.60638;0.03897;-0.22134;47.56333561;-1.799069662;86.9825645;86.75514018;0.734;90.64099053;-0.14997;-0.05579;1.897835518;2.220009937;4.798010305;9.005111742;7.720988271;0.0335;0.410955;-0.90929;1.715610902;p-Tol;dppe
124;-0.18395;-0.04484;0.776405;101.1301783;0.7978;73.59354729;-0.11097;-0.0463;-0.21737;2.107878997;4.891364954;9.092991614;8.393830088;0.147555;133.6200242;90.75236935;0.65375;86.14098892;-0.14463;-0.05201;1.977277455;2.299224523;0.072865;1.700000048;4.816381711;3.244788435;9.316442686;7.420662227;8.380748304;0.0604;0.06267;0.21269;-0.59513;0.03535;-0.25061;47.88336544;9.34173354;85.32804116;85.5652844;0.66355;96.48248735;-0.14912;-0.06086;1.914782496;2.31342321;4.509699264;8.92653375;8.21649923;0.00305;0.33668;-0.83642;-8.785132636;Mes;dppe
125;-0.16;-0.04948;1.170705;150.2203908;0.76545;77.03776698;-0.10484;-0.05771;-0.40181;2.120617359;4.436269884;8.441333431;7.797532445;0.17889;120.5541583;118.7143775;0.6989;93.32620819;-0.14225;-0.0587;1.985981912;2.287460816;0.04856;1.700000048;4.477498381;3.243762354;8.430185615;7.4283764;7.882129194;0.0238;0.08045;0.235265;-0.63477;0.05024;-0.24371;41.48151378;8.916909627;168.2049711;153.2373018;0.7235;95.03707742;-0.14062;-0.05811;1.948483851;2.219680049;4.241693457;8.39293959;7.828637972;0.024;0.496095;-0.94863;-21.16401203;NEt2;xantphos
126;-0.18934;-0.0549;0.82499;135.2530156;0.7592;72.40134685;-0.11818;-0.06001;-0.18767;2.118006608;4.236602495;8.431908672;7.666211151;0.11546;124.9943455;109.4187511;0.63365;86.47138623;-0.15428;-0.06383;1.992815728;2.324968014;0.041715;1.700000048;4.446186091;3.25344932;8.457729007;7.426328419;7.518481117;0.0343;0.05621;0.16265;-0.49998;0.04565;-0.20666;37.96181314;8.834705884;154.7080632;137.3045285;0.6763;96.36096351;-0.16165;-0.07575;1.944698337;2.242320914;3.974658656;8.473564244;8.176044577;0.02495;0.36314;-0.7988;-28.12120957;o-Tol;xantphos
127;-0.18993;-0.05209;0.81916;132.4591456;0.77215;62.37110537;-0.11689;-0.05834;-0.19026;2.115426651;4.336182084;8.779926572;8.308600946;0.12273;126.473875;106.9335093;0.6523;76.94547568;-0.1523;-0.0636;1.984611194;2.307225655;0.05152;1.700000048;4.733870076;3.316698415;9.018562902;7.405200632;7.438321026;0.0561;0.04514;0.184175;-0.51568;0.03161;-0.20506;40.5490347;1.570028704;169.155095;154.7329155;0.7006;90.28741599;-0.14502;-0.06248;1.932280131;2.204334385;4.40727735;8.39672499;7.660248058;0.03815;0.40989;-0.85702;-15.68208927;p-Tol;xantphos
128;-0.17376;-0.05413;0.83555;138.1730051;0.74995;83.57165741;-0.11407;-0.05843;-0.19618;2.119186299;4.585174983;8.62646636;7.925698417;0.099205;108.9248966;138.0940007;0.62565;90.93171511;-0.13535;-0.06367;1.980932377;2.309456865;0.026305;1.700000048;5.134453906;3.447626214;8.544020875;7.41720753;8.034614941;-0.02;0.10859;0.111275;-0.45572;0.15218;-0.24596;30.95064979;13.13377329;166.6421756;152.8845214;0.6383;97.14794526;-0.14454;-0.06972;1.971416287;2.280468985;4.857463447;8.370440867;8.07110296;-0.00825;0.34066;-0.78071;-46.44260368;Mes;xantphos
129;-0.16504;-0.05194;1.175465;144.0035897;0.763;76.17408461;-0.11029;-0.05526;-0.37065;2.113346552;4.203907345;7.65069944;7.555567152;0.175165;114.6044542;128.0522266;0.6325;90.83677895;-0.13529;-0.05739;1.977560121;2.295657757;0.023635;1.700475941;4.341356013;3.249145361;7.884122623;7.428133193;7.831063084;0.0053;0.11427;0.207475;-0.58601;0.14344;-0.24268;42.64366133;12.56964228;150.8651255;144.8942899;0.7459;97.3232013;-0.14991;-0.06257;1.943492403;2.203365883;4.174076447;7.714071715;7.503938598;0.04685;0.496335;-0.99449;-22.49244959;NEt2;dpephos
130;-0.1848;-0.05648;0.834455;133.6902322;0.7548;71.23155801;-0.11852;-0.05964;-0.17409;2.127301941;3.999399554;7.494097049;7.605240978;0.10009;125.4099026;109.1782344;0.63725;86.51363421;-0.14903;-0.06734;1.977276017;2.314833044;0.052615;1.700000048;4.384796778;3.390747756;7.924744085;7.413861186;7.850924823;0.0466;0.06984;0.16369;-0.53745;0.0611;-0.22475;43.13688378;12.67255383;78.74076996;100.7008416;0.6496;96.91011766;-0.14676;-0.06583;1.91280712;2.328129766;4.627047843;7.919576029;7.572054432;-0.0159;0.292565;-0.81457;-21.60891625;o-Tol;dpephos
131;-0.18936;-0.05413;0.81342;130.9612634;0.7786;62.99814336;-0.11743;-0.05569;-0.1802;2.111552731;4.530119572;8.362046285;7.864020282;0.123055;128.1203273;103.7554204;0.66515;79.33815912;-0.14882;-0.06399;1.977707551;2.285770516;0.062565;1.700000048;4.806475747;3.353762317;8.593471648;7.417837625;7.372191749;0.0631;0.06209;0.200915;-0.55792;0.03596;-0.2201;43.37282734;7.639300337;79.82774403;101.4019476;0.67915;91.17796446;-0.14823;-0.06786;1.906008375;2.283258788;4.706151485;8.830567858;7.746055772;0.00385;0.322105;-0.79433;-16.10377563;p-Tol;dpephos
132;-0.17878;-0.05206;0.852595;135.416867;0.7562;83.76201693;-0.11478;-0.05718;-0.19309;2.111399875;4.808950702;8.627452124;8.032357282;0.083725;124.027037;111.4147227;0.6192;94.08708946;-0.14488;-0.06672;1.998455299;2.327971196;0.04575;1.700000048;5.046484267;3.355050164;8.872713374;7.446096155;7.657698723;1.00E-04;0.07932;0.132165;-0.5202;0.07437;-0.23878;35.47060053;23.03336275;161.8757251;144.6689578;0.6384;97.6313262;-0.15109;-0.07307;1.986052145;2.290859599;4.906861567;8.715857076;8.273290286;0.001;0.31649;-0.79171;-47.30229166;Mes;dpephos
