ID;EHOMO_P1;EHOMO_P2;ELUMO_P1;ELUMO_P2;PAP1;PAP2;He8_wedge;nHe8;BE(Zn);Zn-Cl;<P1-Zn-P2;DP1-R(Zn);DP2-R(Zn);DR-P1-R(Zn);DR-P2-R(Zn);DZn-P1;DZn-P2;Q(Zn);BE(Pd);Pd-Cl;<P1-Pd-P2;DP1-R(Pd);DP2-R(Pd);DR-P1-R(Pd);DR-P2-R(Pd);DPd-P1;DPd-P2;Q(Pd)
1;-0.1905;-0.1905;0.0327;0.0327;233;233;12.72;12.40198476;27.78;2.258;68.3;-0.014;-0.014;4.9;4.9;0;0.005;-0.1205;82.09473053;2.37;75.4;-0.017;-0.017;8.2;8.2;0;-0.001;-0.8211
2;-0.2508;-0.2508;-0.0332;-0.0332;197.71;197.71;9.78;9.68110357;10.63;2.215;65.6;-0.002;-0.002;3.4;3.5;0.174;0.155;-0.0345;57.53024364;2.328;74.3;0.001;0.001;6.5;6.4;0.016;0.015;-0.5636
3;-0.1788;-0.1788;0.0225;0.0225;245.67;245.67;27.52684624;27.05433159;30.71;2.281;71.1;0;0;4.2;4.2;0.003;0.003;-0.1101;85.31;2.384;77.3;0.002;0;4.9;4.9;0.036;0.035;-0.8061
4;-0.1816;-0.1816;0.0278;0.0278;245.42;245.42;17.99;17.96548399;30.5;2.281;70.5;-0.015;-0.018;6.1;6.8;-0.036;-0.049;-0.1214;87.00310983;2.383;74.9;-0.017;-0.022;7.2;8.4;0.025;0.01;-0.8395
5;-0.189;-0.189;-0.0477;-0.0477;239.2;239.2;11.19;11.1030401;29.85;2.269;69.5;-0.008;-0.009;4.8;5;-0.001;-0.021;-0.1107;86.13338167;2.379;74.4;-0.015;-0.014;6.6;6.7;0.017;0.018;-0.7923
6;-0.2166;-0.2166;-0.0774;-0.0774;222.4075646;222.4075646;10.7466147;10.6142102;21.6514072;2.686;65.2;-0.023;-0.02;4.8;4;0.021;0.078;-0.0493;65.03964982;2.351;75.1;-0.019;-0.017;6.1;5.9;0.009;0.015;-0.6591
7;-0.189;-0.189;-0.0477;-0.0477;239.2;239.2;19.98;20.4830521;24.63;2.274;69.5;-0.006;-0.009;7.2;7.5;-0.016;-0.032;-0.1051;76.76;2.372;75.5;-0.01;-0.007;6.8;6.8;0.036;0.054;-0.7432
8;-0.189;-0.189;-0.0477;-0.0477;239.2;239.2;11.42;10.96373299;36.32;2.283;67.7;-0.016;-0.019;3.7;5.4;0.008;-0.054;-0.1314;83.6;2.374;73.5;-0.022;-0.019;4.7;5.2;0.048;0.055;-0.7847
9;-0.1905;-0.1905;0.0327;0.0327;233;233;15.76709203;15.492807;26.02765845;2.266;67.7;-0.009;-0.01;4.5;4.4;0.027;0.029;-0.1028;85.39229295;2.388;74.9;-0.021;-0.021;9.6;9.6;0.006;0.005;-0.8217
10;-0.1905;-0.1905;0.0327;0.0327;233;233;11.64771834;12.20996686;20.89;2.253;66.4;-0.01;-0.011;3.6;3.4;0.028;0.032;-0.0687;69.5828186;2.348;74.3;-0.011;-0.016;5.6;4.1;0.013;0.031;-0.6502
11;-0.19556;-0.19556;0.00096;0.00096;226.8;226.8;16.54;16.01894952;27.44;2.266;68.5;-0.011;-0.007;4.4;4.7;-0.032;0.002;-0.0907;80.86;2.367;74.8;-0.011;-0.009;5.2;5.9;0.023;0.023;-0.7394
12;-0.189;-0.189;-0.0477;-0.0477;239.2;239.2;14.60517062;14.62023084;25.7076286;2.259;70.4;-0.009;-0.008;3.6;4.4;0.001;0.012;-0.089;81.76842559;2.37;77.5;-0.014;-0.01;5.2;6.5;0.017;0.018;-0.7678
13;-0.21968;-0.21968;-0.02001;-0.02001;218.0890442;218.0890442;9.520461138;9.410019466;24.77703202;2.247;67.5;-0.03;-0.015;4.3;3;0.026;0.05;-0.1177;84.71646522;2.365;76.7;-0.036;-0.021;6.1;5;-0.006;-0.003;-0.7918
14;-0.18044;-0.18044;-0.00051;-0.00051;230.2282155;230.2282155;12.46975579;12.49611119;32.36487689;2.263;70.1;-0.015;-0.019;2.5;2.4;0.001;-0.025;-0.1008;90.60375934;2.379;76.6;-0.021;-0.021;3.3;2.8;0.029;0.027;-0.7796
15;-0.1941;-0.1941;0.0175;0.0175;232.11;232.11;9.58;9.413157014;30.36;2.252;66.8;-0.018;-0.019;4.3;4.3;0.007;0.002;-0.1261;83.83418686;2.365;73.1;-0.024;-0.024;7.1;7.1;0.002;0.002;-0.8154
16;-0.1852;-0.1852;-0.0462;-0.0462;241.21;241.21;8.82;8.712856412;30.51;2.262;66.3;-0.016;-0.018;4;4.4;0.015;-0.008;-0.1084;83.02783715;2.368;73.1;-0.023;-0.021;5.2;5.2;0.011;0.017;-0.7777
17;-0.17618;-0.1852;0.0243;-0.0462;236.3947513;241.21;11.41428481;11.26117249;33.69394201;2.266;66.3;-0.041;-0.012;8.4;2.6;-0.097;-0.001;-0.1005;89.70704827;2.371;72.6;-0.041;-0.021;7.9;4;0.029;-0.008;-0.7886
18;-0.20474;-0.20474;0.00471;0.00471;226.3420491;226.3420491;7.685353782;7.595889502;24.67725801;2.25;63.5;-0.026;-0.026;3.5;3.2;-0.007;0.012;-0.1355;82.97763639;2.367;71.4;-0.037;-0.034;6;5.1;-0.016;-0.013;-0.8197
19;-0.20202;-0.20202;0.00772;0.00772;230.9103183;230.9103183;6.910649128;6.864213425;25.98373279;2.249;63.3;-0.031;-0.024;3.2;2.4;0.018;0.013;-0.1248;82.33192912;2.361;71.6;-0.041;-0.034;4.9;4;-0.011;-0.009;-0.779
20;-0.20202;-0.20202;0.00772;0.00772;230.9103183;230.9103183;5.732813796;6.591246793;25.37268976;2.24;62.4;-0.022;-0.029;-1.7;3.1;0.114;0.013;-0.0959;79.97563094;2.366;71.4;-0.043;-0.045;2;6.6;-0.012;-0.019;-0.8032
21;-0.1852;-0.1852;-0.0462;-0.0462;241.21;241.21;9.640544023;9.646590548;31.72983728;2.264;65.9;-0.016;-0.018;2.7;3.2;0;-0.012;-0.0918;85.73679566;2.366;73;-0.024;-0.024;4.2;4.2;0.009;0.014;-0.7788
22;-0.1852;-0.1852;-0.0462;-0.0462;241.21;241.21;13.21;12.80923843;30.1;2.268;66.4;-0.029;-0.017;7.6;5.3;-0.026;-0.033;-0.0959;85.53;2.367;72.9;-0.031;-0.017;7.5;5.3;0.032;0.039;-0.7493
23;-0.1852;-0.1852;-0.0462;-0.0462;241.21;241.21;17.75;17.9861918;27.73;2.268;66.3;-0.013;-0.022;4.5;5.9;-0.029;-0.023;-0.091;81.58393779;2.367;72.620905;-0.016;-0.021;5.1;5.9;0.022222;0.043037;-0.7628
24;-0.1852;-0.1852;-0.0462;-0.0462;241.21;241.21;9.52;9.151485552;36.43;2.276;66;-0.02;-0.02;3.3;3.3;-0.04;-0.041;-0.1109;90.17768039;2.373;72.188042;-0.023;-0.022;4.1;3.8;0.026484;0.030942;-0.8047
25;-0.19594;-0.19594;-0.03547;-0.03547;225.0688324;225.0688324;9.908074208;10.29229782;16.11865594;2.231;61.5;-0.028;-0.018;2.2;3.3;0.1;0.038;-0.0945;75.17392825;2.358;71.6;-0.037;-0.036;5.6;5.3;0.011;0.008;-0.7552
26;-0.24411;-0.24411;-0.01532;-0.01532;193.3989782;193.3989782;4.520465442;4.502895176;12.17116875;2.207;59.5;-0.019;-0.015;2.4;1.5;0.175;0.19;-0.0893;62.56349734;2.321;70.8;-0.025;-0.021;4.4;3.6;0.006;0.006;-0.6347
27;-0.20474;-0.20474;0.00471;0.00471;226.3420491;226.3420491;7.686878354;7.542551194;26.02075585;2.248;63.2;-0.025;-0.029;2.3;0.1;0.003;0.008;-0.1361;84.59159083;2.367;71.3;-0.039;-0.034;5.5;4.4;-0.015;-0.012;-0.8187
28;-0.19447;-0.19447;-0.00012;-0.00012;234.9282616;234.9282616;10.62299533;10.86333147;26.54096122;2.257;63.7;-0.027;-0.032;4;6.8;-0.008;-0.02;-0.1374;85.69161498;2.373;71.4;-0.039;-0.04;6.2;8.1;-0.012;-0.007;-0.8444
29;-0.19594;-0.19594;-0.03547;-0.03547;225.0688324;225.0688324;6.697295898;5.668180318;19.62035462;2.234;61.4;-0.028;-0.023;2.7;2;0.003;0.13;-0.0882;74.81938538;2.349;71.2;-0.033;-0.041;3.1;4.5;0.015;-0.007;-0.7118
30;-0.1852;-0.1852;-0.0462;-0.0462;241.21;241.21;19.56501693;19.45519154;12.20048662;2.241;62.4;-0.029;-0.028;6;6.1;0.038;0.034;-0.0872;70.65334981;2.356;72.1;-0.041;-0.035;6.1;5.8;0.013;0.004;-0.7463
31;-0.1852;-0.1852;-0.0462;-0.0462;241.21;241.21;14.92;14.8549194;29.05;2.267;66.3;-0.013;-0.015;3.2;5.4;-0.03;-0.047;-0.0918;82.47186373;2.375;72.25;-0.016;-0.016;5.1;5.9;-0.006527;-0.005661;-0.8144
32;-0.21029;-0.17532;-0.06018;-0.03823;221.5591717;243.1141231;8.987705573;8.845888426;27.28393247;2.256;64.4;-0.019;-0.029;3.2;2.6;-0.015;0.017;-0.0773;80.69977691;2.355;72.7;-0.028;-0.037;4.9;3.6;0.005;-0.004;-0.7472
33;-0.1852;-0.1852;-0.0462;-0.0462;241.21;241.21;6.950809736;6.799579946;37.13520411;2.267;66.2;-0.013;-0.018;1.9;2.6;-0.048;-0.028;-0.0906;93.52920863;2.369;72.7;-0.018;-0.027;2.4;3.5;0.008;0;-0.798
34;-0.2509;-0.2509;-0.0846;-0.0846;189.5668549;189.5668549;5.843701339;5.814390032;8.415349313;2.208;59.8;-0.022;-0.022;1.6;1.7;0.062;0.105;-0.0146;55.17708301;2.32;71.1;-0.032;-0.032;3;3;0.015;0.014;-0.5283
35;-0.1852;-0.1852;-0.0462;-0.0462;241.21;241.21;10.38;10.49435588;32.91;2.266;67;-0.017;-0.018;3.2;3.1;-0.029;-0.009;-0.0984;86.93784885;2.37;73.104037;-0.019;-0.021;4.9;4.7;0.008671;0.007529;-0.8002
36;-0.1916;-0.1916;-0.0367;-0.0367;227.4966666;227.4966666;12.68988394;12.51870153;13.7516901;2.233;62.3;-0.024;-0.031;7.4;7.2;0.038;0.05;-0.1315;67.43861864;2.346;71.1;-0.036;-0.043;8.6;8.3;0.008;0.008;-0.7026
37;-0.16593;-0.16593;0.01428;0.01428;245.8337492;245.8337492;31.28506901;11.96934204;31.35646912;2.278;68;-0.042;-0.03;6.6;8.5;-0.055;-0.061;-0.1241;88.01089009;2.379;73.2;-0.05;-0.028;8.7;8.7;0;0.007;-0.8562
38;-0.16848;-0.16848;-0.03128;-0.03128;233.7786642;233.7786642;12.56331267;13.11757957;29.42373986;2.27;66.3;-0.03;-0.03;8.2;6.9;-0.048;-0.027;-0.0916;84.21006505;2.376;73.8;-0.037;-0.038;8.9;7.9;-0.003;-0.008;-0.8498
39;-0.1852;-0.1852;-0.0462;-0.0462;241.21;241.21;9.366721311;7.979297806;34.10684326;2.265;67;-0.018;-0.03;2.6;6.1;-0.032;0.007;-0.0906;89.48302738;2.365;73.9;-0.022;-0.033;3.4;7.3;0.005;0.009;-0.7746
40;-0.1852;-0.1852;-0.0462;-0.0462;241.21;241.21;15.90626936;16.0371473;28.80313297;2.267;65.9;-0.012;-0.013;3.2;5.1;-0.024;-0.042;-0.0895;85.02708242;2.368;72.8;-0.019;-0.018;4.1;5.8;0;0.008;-0.7959
41;-0.17618;-0.17618;0.0243;0.0243;236.3947513;236.3947513;7.117099753;7.110824658;35.11901609;2.26;67.1;-0.009;-0.026;2.7;3.5;0.018;-0.075;-0.1039;92.37145361;2.372;74.3;-0.009;-0.033;3.3;6.1;0.017;-0.019;-0.8166
42;-0.17707;-0.17707;-0.04991;-0.04991;244.2587004;244.2587004;6.784519718;6.687883255;38.29923423;2.267;67.2;-0.025;-0.008;3.1;2.4;-0.035;-0.02;-0.0922;95.61944278;2.372;74.1;-0.031;-0.012;4.3;3.2;0.004;0.011;-0.8019
43;-0.1922;-0.1922;-0.0587;-0.0587;239.45;239.45;8.745171846;8.650732971;29.35157627;2.255;63.9;-0.016;-0.019;4.8;4.9;0.012;-0.004;-0.1237;85.37095762;2.37;70.6;-0.021;-0.021;6.4;6.3;0;-0.003;-0.805
44;-0.1922;-0.1922;-0.0587;-0.0587;239.45;239.45;9.582444117;8.736329377;30.14098322;2.264;64;-0.019;-0.019;4.4;4.4;-0.006;-0.006;-0.0969;86.33857727;2.376;70.5;-0.022;-0.02;5.7;5.7;-0.008;-0.004;-0.82
45;-0.1922;-0.1922;-0.0587;-0.0587;239.45;239.45;9.156774667;9.479045511;29.05225424;2.262;63.4;-0.016;-0.017;4.8;4.4;0.032;0.005;-0.1365;87.57853605;2.376;70.6;-0.021;-0.019;6.8;5.8;-0.012;-0.004;-0.8247
46;-0.1722;-0.1722;0.0112;0.0112;239.04;239.04;11.37419209;10.99385344;31.00694633;2.266;64.7;-0.028;-0.024;4;3.4;-0.044;0.001;-0.1496;89.75034643;2.375;71.2;-0.034;-0.034;5;4.9;-0.002;-0.003;-0.8577
47;-0.1905;-0.1905;0.0327;0.0327;233;233;15.99;14.78401082;34.77;2.268;82;-0.018;-0.018;4.5;4.4;-0.047;-0.045;-0.132;99.98628139;2.388;88.3;-0.022;-0.023;6.5;6.5;-0.006;-0.007;-0.8559
48;-0.1881;-0.1881;0.0265;0.0265;237.21;237.21;17.85;17.11144356;36.63;2.275;82.4;-0.018;-0.018;5.7;5.7;-0.068;-0.068;-0.1297;98.30832099;2.385;88.6;-0.018;-0.019;5.8;5.8;0.007;0.006;-0.8311
49;-0.1788;-0.1788;0.0225;0.0225;245.67;245.67;33.30835794;32.75839294;38.52;2.299;85.7;-0.009;-0.009;3.1;3.1;-0.054;-0.054;-0.1071;95.53;2.391;90.3;-0.001;-0.001;1.9;1.9;0.051;0.05;-0.7948
50;-0.2508;-0.2508;-0.0332;-0.0332;197.71;197.71;11.45;10.81438573;16.56;2.226;75.8;-0.006;-0.006;2.8;3;0.095;0.07;-0.058;74.45166481;2.349;87.4;-0.001;-0.001;4.4;4.5;-0.012;-0.012;-0.632
51;-0.1816;-0.1816;0.0278;0.0278;245.42;245.42;19.65;2.353675139;41.24;2.291;84.2;-0.014;-0.025;3.9;6.7;-0.066;-0.101;-0.125;97.92867774;2.387;88.9;-0.01;-0.015;2.8;5.4;0.03;0.038;-0.8054
52;-0.189;-0.189;-0.0477;-0.0477;239.2;239.2;17.24;15.95494355;34.78;2.276;82.5;-0.014;-0.014;3.9;4;-0.036;-0.045;-0.1067;94.41525205;2.383;87.4;-0.015;-0.015;4;3.9;0.025;0.027;-0.7815
53;-0.189;-0.189;-0.0477;-0.0477;239.2;239.2;23.26;22.14155971;31.72;2.28;83.7;-0.018;-0.013;5.9;5.8;-0.053;-0.022;-0.1023;83.94;2.379;89.3;-0.009;-0.01;5;4.7;0.032;0.052;-0.7606
54;-0.189;-0.189;-0.0477;-0.0477;239.2;239.2;18.41;18.81011178;40.01;2.297;80.8;-0.014;-0.014;3.4;3.4;-0.065;-0.064;-0.1409;86.7;2.396;85.8;-0.009;-0.015;1.4;1.8;0.048;0.025;-0.7717
55;-0.2166;-0.2166;-0.0774;-0.0774;222.4075646;222.4075646;15.65864616;15.18059683;20.5419704;2.251;78.7;-0.018;-0.017;4.7;4.8;-0.004;0.004;-0.0921;80.68848174;2.371;87.5;-0.015;-0.016;3.5;3.6;-0.004;-0.003;-0.7095
56;-0.2013;-0.2013;0.0043;0.0043;227.36;227.36;12.79668824;12.37625687;31.89047971;2.264;78.7;-0.027;-0.027;3.5;3.5;-0.034;-0.032;-0.1554;97.35450655;2.385;86;-0.037;-0.033;4;3.9;-0.002;-0.013;-0.8614
57;-0.19556;-0.19556;0.00096;0.00096;226.8;226.8;18.25;18.06149294;35.05;2.281;82;-0.013;-0.012;3.1;4.2;-0.066;-0.056;-0.0945;92.43;2.375;87.7;-0.007;-0.007;2.1;3.4;0.028;0.033;-0.7384
58;-0.19556;-0.2215;0.00096;-0.2215;226.8;207.9328029;14.06338644;12.75401759;30.98686603;2.262;80.2;-0.016;-0.013;5;3.5;-0.059;0.025;-0.1006;88.06673844;2.37;87.6;-0.021;-0.006;8.5;3.4;0.025;-0.023;-0.7518
59;-0.19556;-0.1788;0.00096;0.0225;226.8;245.67;22.13706703;20.90913105;39.31579962;2.286;82.9;0;-0.025;8.6;-2.7;-0.016;-0.073;-0.0985;98.09183021;2.382;88.9;0.002;-0.016;8.7;-3.5;0.053;0.017;-0.7704
60;-0.2109;-0.2109;-0.0143;-0.0143;227.64;227.64;17.4;16.46950134;40.05;2.282;83;-0.018;-0.018;3.4;3.3;-0.076;-0.079;-0.1111;95.79;2.378;88;-0.014;-0.015;2;2.1;0.051;0.049;-0.7543
61;-0.1905;-0.1905;0.0327;0.0327;233;233;17.54923882;16.44418991;36.12679634;2.276;82.9;-0.018;-0.018;3.7;3.7;-0.065;-0.062;-0.117;102.5847982;2.396;88.9;-0.022;-0.022;5.1;5.1;-0.001;0;-0.8308
62;-0.1905;-0.1905;0.0327;0.0327;233;233;19.93705346;18.605715;36.87855272;2.28;82.5;-0.017;-0.018;3.9;3.8;-0.058;-0.055;-0.1081;102.4097231;2.397;88.9;-0.022;-0.024;5.1;5.1;0.001;0.001;-0.83
63;-0.1905;-0.1905;0.0327;0.0327;233;233;17.98685976;15.46973879;36.22468782;2.285;81.8;-0.026;-0.016;2.5;4.9;-0.049;-0.035;-0.0972;95.92629492;2.39;88.1;-0.022;-0.02;2.9;5.4;0.007;0.005;-0.7854
64;-0.1905;-0.1905;0.0327;0.0327;233;233;14.62;14.61646579;34.33;2.277;80.2;-0.019;-0.011;4.4;5.9;-0.047;-0.05;-0.1023;97.6419059;2.396;87.5;-0.02;-0.013;5.7;8.5;-0.002;0.001;-0.7977
65;-0.1905;-0.1905;0.0327;0.0327;233;233;16.35;14.80973871;27.38;2.261;78.9;-0.017;-0.02;4.8;2.4;-0.049;-0.029;-0.0675;81.33795407;2.365;88;-0.017;-0.019;4.2;0.9;0;0.002;-0.6909
66;-0.189;-0.189;-0.0477;-0.0477;239.2;239.2;22.23360191;20.26100636;35.26710833;2.287;83.3;-0.014;-0.014;4;4.1;-0.055;-0.056;-0.0957;95.7198443;2.381;87.9;-0.015;-0.014;4.4;4.5;0.02;0.02;-0.7983
67;-0.2038;-0.2013;0.0158;0.0043;230.0569054;227.36;12.95510664;12.65800864;23.3092873;2.255;65.7;-0.004;-0.047;6;5.3;-0.006;-0.006;-0.1316;80.92944538;2.371;73.3;-0.014;-0.053;8.5;6.4;0.011;-0.015;-0.8053
68;-0.19974;-0.19974;-0.0381;-0.0381;226.1142632;226.1142632;12.14596089;12.60969041;24.97909008;2.255;77.6;-0.035;-0.022;3.5;3.9;-0.032;0.069;-0.1178;82.08218034;2.371;86.4;-0.047;-0.036;3.9;5.4;0.002;0.009;-0.7745
69;-0.1963;-0.1963;-0.0368;-0.0368;232.11;232.11;13.04;11.83157863;35.24;2.264;81.1;-0.018;-0.016;3.1;4.1;-0.041;-0.045;-0.1273;101.3592722;2.388;88.2;-0.023;-0.021;5.5;6.5;-0.016;-0.016;-0.8506
70;-0.2539;-0.2539;-0.0772;-0.0772;198.26;198.26;9.84;9.661023267;15.01;2.224;74.2;-0.006;-0.006;2.7;2.8;0.08;0.067;-0.0532;73.54742363;2.348;86.8;0;0;4.7;4.7;-0.019;-0.019;-0.6255
71;-0.1896;-0.1896;-0.0526;-0.0526;238.11;238.11;12.97;12.18298395;35.09;2.274;79.8;-0.018;-0.019;4.9;5.1;-0.045;-0.048;-0.1006;95.71231418;2.381;87.9;-0.018;-0.018;4.7;4.5;0.004;0.004;-0.7961
72;-0.1896;-0.1896;-0.0526;-0.0526;238.11;238.11;11.01393375;10.45105773;32.98548379;2.267;78.2;-0.01;-0.014;2.8;1.5;-0.052;-0.044;-0.0937;92.5954745;2.375;87.1;-0.009;-0.016;2.7;2.3;0.007;-0.015;-0.7784
73;-0.18929;-0.18929;-0.03839;-0.03839;239.6452505;239.6452505;22.17795526;20.98756974;36.64511919;2.277;86.2;-0.018;-0.004;3.6;1.1;-0.035;-0.036;-0.1081;96.27644523;2.383;92.4;-0.016;-0.005;3.5;0.7;0.03;0.03;-0.7764
74;-0.1896;-0.1896;-0.0526;-0.0526;238.11;238.11;9.295185228;8.76619472;37.65289945;2.27;79.8;-0.019;-0.018;3.8;2.2;-0.03;-0.031;-0.0928;94.40270186;2.373;88.2;-0.016;-0.015;3.6;1.9;0.014;0.015;-0.7526
75;-0.1884;-0.1884;-0.0394;-0.0394;237.05;237.05;11.77;10.70457156;38.11;2.267;80.9;-0.023;-0.023;4.2;4.2;-0.078;-0.078;-0.1206;105.8014119;2.39;88.4;-0.03;-0.03;5.9;5.9;-0.013;-0.013;-0.8475
76;-0.2432;-0.2432;-0.0767;-0.0767;205.51;205.51;9.48;8.763057172;18.17;2.23;73.8;-0.002;-0.006;1.8;2.5;0.024;0.027;-0.0458;77.12485529;2.344;86.7;0.002;-0.002;3.1;3.7;-0.013;-0.013;-0.6262
77;-0.1869;-0.1869;-0.0506;-0.0506;241.3;241.3;14.35;13.64570859;36.17;2.277;77.5;-0.016;-0.017;3.2;3.5;-0.057;-0.055;-0.0956;95.66336844;2.376;86.3;-0.017;-0.018;3.3;3.7;0.009;0.011;-0.7866
78;-0.1869;-0.1869;-0.0506;-0.0506;241.3;241.3;12.75331969;11.41121761;30.85069647;2.266;76.7;-0.014;-0.012;2.8;3.1;-0.048;-0.048;-0.0696;87.0137775;2.366;85.2;-0.015;-0.012;3;2.9;0.009;0.014;-0.731
79;-0.2011;-0.2011;-0.0492;-0.0492;232.16;232.16;11.83471617;10.87776419;29.83099353;2.261;76.8;-0.028;-0.029;2.8;3.5;-0.036;-0.064;-0.1451;97.65131854;2.381;86.2;-0.04;-0.038;3.3;3.9;-0.013;-0.017;-0.8537
80;-0.1884;-0.1884;-0.0394;-0.0394;237.05;237.05;14.87;12.90022731;38.51;2.275;81.1;-0.022;-0.019;2.7;2.5;-0.079;-0.064;-0.1079;107.4523894;2.392;88.4;-0.029;-0.028;3.4;3.6;-0.004;-0.004;-0.8249
81;-0.1884;-0.1884;-0.0394;-0.0394;237.05;237.05;16.21;15.21008977;26.6;2.258;76.7;-0.021;-0.009;2.9;2.9;-0.079;0;-0.0537;83.54427747;2.366;87.3;-0.017;-0.012;3;3.2;0.001;0.002;-0.6912
82;-0.1896;-0.1896;-0.0526;-0.0526;238.11;238.11;15.98882906;13.75489524;30.06756461;2.273;84.1;-0.006;-0.006;3.7;3.7;-0.028;-0.031;-0.0915;89.75411148;2.372;90.7;-0.008;-0.008;3.9;3.9;0.02;0.02;-0.7482
83;-0.1963;-0.1963;-0.0368;-0.0368;232.11;232.11;18.37899454;18.59003076;24.83099783;2.262;82.9;0.001;-0.018;0.3;3.4;0.058;-0.051;-0.0948;89.3788608;2.384;90.5;-0.003;-0.018;1.1;3.3;0.027;0.024;-0.7285
84;-0.189;-0.189;-0.0477;-0.0477;239.2;239.2;17.77723114;18.71661286;33.72;2.277;82.9;-0.017;-0.011;4.5;3.8;-0.057;-0.027;-0.1061;91.9284319;2.381;89.1;-0.018;-0.016;3.6;4.3;0.039;0.032;-0.7697
85;-0.1848;-0.1848;0.0043;0.0043;230.47;230.47;9.991533493;9.399351805;16.37154226;2.249;76.4;-0.019;-0.03;3;2.9;0.071;-0.047;-0.0866;80.67781407;2.37;86.8;-0.03;-0.039;4.2;3.9;-0.011;-0.03;-0.7809
86;-0.1916;-0.1916;-0.0367;-0.0367;227.4966666;227.4966666;8.865341221;9.115090001;22.8869734;2.245;73.9;-0.022;-0.013;1.7;3.4;0.054;0.028;-0.0998;80.28185558;2.362;84.5;-0.03;-0.025;1.8;4.5;-0.003;-0.022;-0.7545
87;-0.1848;-0.1848;0.0043;0.0043;230.47;230.47;16.7261801;16.36219722;12.48018383;2.239;72.5;-0.024765;-0.016;2.46;0.97;0.059023;0.008021;-0.1095;70.8836458;2.358;81.4;-0.031;-0.025;3.2;2;0.009;-0.027;-0.7457
88;-0.1916;-0.1916;-0.0367;-0.0367;227.4966666;227.4966666;13.53706119;13.81239557;15.8387867;2.247;72.7;-0.017;-0.025;5.3;3.9;-0.026;0.079;-0.0973;76.1089174;2.368;83.1;-0.025;-0.031;5.8;4.7;-0.02;0.006;-0.7895
89;-0.1916;-0.1916;-0.0367;-0.0367;227.4966666;227.4966666;14.62404765;15.38390991;22.21553824;2.247;73.5;-0.029;-0.028;3;2.5;-0.011;0.052;-0.1099;85.29565648;2.376;83.9;-0.038;-0.035;3.3;3.5;-0.021;-0.015;-0.812
90;-0.1905;-0.1905;0.0327;0.0327;233;233;21.19;15.82002901;37.77;2.282;92.6;-0.021;-0.02;4.6;4.4;-0.115;-0.111;-0.1407;102.1355014;2.389;97.6;-0.026;-0.025;4.7;4.5;0.01;0.01;-0.8333
91;-0.2508;-0.2508;-0.0332;-0.0332;197.71;197.71;15.47;12.68812909;18.55;2.236;84.6;-0.005;-0.003;2.8;2.6;0.007;0.017;-0.0643;75.28436992;2.347;96.7;0;0.002;3.3;3.1;0.001;0.001;-0.6212
92;-0.1788;-0.1788;0.0225;0.0225;245.67;245.67;41.96144963;40.4642096;37.84;2.308;95.2;-0.014;-0.011;2.8;2.8;-0.061;-0.061;-0.1167;88.81;2.397;98.2;-0.005;-0.003;1.4;1.2;0.068;0.074;-0.7701
93;-0.1816;-0.1816;0.0278;0.0278;245.42;245.42;32.99;27.19175617;40.71;2.301;96.4;-0.02;-0.016;4.7;3.2;-0.106;-0.072;-0.1348;96.25071734;2.394;99.2;-0.006;-0.015;3.7;2.4;0.042;0.039;-0.8139
94;-0.189;-0.189;-0.0477;-0.0477;239.2;239.2;22.98;17.60843108;38.61;2.295;90.9;-0.015;-0.014;3.4;4;-0.082;-0.09;-0.1141;94.06133669;2.379;94.9;-0.017;-0.016;2.5;2.9;0.032;0.032;-0.7728
95;-0.189;-0.189;-0.0477;-0.0477;239.2;239.2;27.21;25.01178816;31.49;2.283;90.6;-0.015;-0.015;6;5.8;-0.048;-0.036;-0.1038;81.85;2.371;93.4;-0.013;-0.012;5.2;5.3;0.049;0.051;-0.7688
96;-0.189;-0.189;-0.0477;-0.0477;239.2;239.2;22.23;19.43824879;41.24;2.316;90.5;-0.012;-0.015;2.7;1.6;-0.051;-0.089;-0.1205;90.34;2.383;92.3;-0.014;-0.012;2;0.4;0.058;0.073;-0.7755
97;-0.19556;-0.19556;0.00096;0.00096;226.8;226.8;24.79;21.3615654;38.47;2.288;92.9;-0.009;-0.007;2.1;2.2;-0.061;-0.07;-0.1063;87.74;2.377;98.1;-0.001;0.003;0.2;0.2;0.064;0.065;-0.6987
98;-0.189;-0.189;-0.0477;-0.0477;239.2;239.2;21.66909602;18.82651251;35.41143551;2.288;90.3;-0.009;-0.011;3.4;3.4;-0.048;-0.046;-0.0973;90.13124469;2.379;93.1;-0.011;-0.011;3.6;3.6;0.039;0.038;-0.7834
99;-0.1697;-0.1896;-0.0447;-0.0526;253.9016389;238.11;29.65347594;25.73844417;31.13307574;2.29;94.5;-0.005;-0.008;1.2;0.7;-0.073;-0.018;-0.0921;83.84861958;2.38;97.2;-0.008;-0.014;0.2;-0.5;0.054;0.023;-0.744
100;-0.1804;-0.1788;-0.046;0.0225;248.87;245.67;40.73;37.53750529;40.88;2.307;94.5;0.001;-0.019;1.5;3.7;-0.003;-0.118;-0.1065;87.25;2.402;98.5;0.012;-0.012;0.6;2.3;0.091;0.039;-0.7595
101;-0.19267;-0.1881;-0.04659;0.0265;240.08;237.21;40.76;37.16727469;26.1;2.291;89;-0.015;-0.016;6.9;7.4;-0.02;-0.093;-0.1115;86.75;2.404;94.9;-0.021;-0.029;7.8;8.4;0.032;0.004;-0.8456
102;-0.1902;-0.19556;-0.0505;0.00096;238.24;226.8;25.65;24.17406298;35.03;2.284;89.2;-0.002;-0.008;1.9;4.5;-0.013;-0.098;-0.0987;82.53;2.377;94.4;0.015;0;0;2.7;0.098;0.037;-0.6976
103;-0.1804;-0.189;-0.046;-0.0477;248.87;239.2;31.06;30.80746591;36.11;2.3;91.3;-0.018;-0.002;4.5;1.7;-0.113;-0.037;-0.1018;86.69;2.393;95.2;-0.027;0.02;2.9;0.9;0.001;0.112;-0.757
104;-0.19267;-0.1788;-0.04659;0.0225;240.08;245.67;37.67;34.48780912;36;2.296;90.2;-0.015;-0.014;6.9;2.8;-0.024;-0.087;-0.1074;90.67;2.399;95.6;-0.023;-0.008;7.7;1.7;0.04;0.046;-0.7994
105;-0.1869;-0.1788;-0.0506;0.0225;241.3;245.67;25.8;22.78914952;40.59;2.295;89.7;-0.013;-0.005;2.1;3.3;-0.039;-0.087;-0.1021;96.46;2.385;94.3;-0.015;-0.001;2;2.2;0.029;0.055;-0.7719
106;-0.1902;-0.1788;-0.0505;0.0225;238.24;245.67;32.37;29.34223122;38.88;2.291;91.2;0;-0.008;1.8;3.6;-0.021;-0.106;-0.1014;86.81;2.386;96.4;0.02;-0.002;-0.2;2.1;0.083;0.056;-0.7164
107;-0.2011;-0.2011;-0.0492;-0.0492;232.16;232.16;20.86897045;16.59814079;30.89022957;2.273;80.4;-0.03;-0.023;3.6;1.8;-0.14;-0.055;-0.1559;99.19310938;2.386;92.6;-0.042;-0.035;2.8;1.5;-0.015;-0.01;-0.878
108;-0.1869;-0.1869;-0.0506;-0.0506;241.3;241.3;17.66;14.87186215;35.06;2.278;81;-0.019;-0.002;3.1;1.9;-0.109;-0.107;-0.0779;94.43407733;2.377;90.8;-0.021;-0.005;2.6;1.5;0.006;0.006;-0.7756
109;-0.189;-0.20474;-0.0477;0.00471;239.2;226.3420491;18.97238416;19.36232014;30.96239316;2.275;87.5;-0.014;-0.025;4.2;3;-0.009;-0.06;-0.1129;85.62384395;2.367;92.8;-0.015;-0.035;2.8;3.2;-0.022;0.06;-0.7424
110;-0.2074;-0.2074;-0.0003;-0.0003;223.6;223.6;18.07073451;14.17971918;48.50504874;2.305;89.7;-0.037;-0.037;3.7;3.4;-0.069;-0.071;-0.254;115.9124725;2.396;92.3;-0.049;-0.049;4;3.7;-0.001;0;-0.9783
111;-0.2074;-0.2074;-0.0003;-0.0003;223.6;223.6;18.86596012;14.18975933;51.1776117;2.301;90.7;-0.025;-0.026;2.7;2.9;-0.054;-0.054;-0.2368;120.7072726;2.399;93.3;-0.037;-0.038;3.3;3.5;0.001;0.001;-0.9605
112;-0.2074;-0.2074;-0.0003;-0.0003;223.6;223.6;17.53501247;12.19741667;28.33061832;2.261;93;-0.031;-0.025;3;2.9;-0.018;-0.014;-0.17;91.29778485;2.371;100.3;-0.039;-0.034;3.1;3.1;-0.001;-0.001;-0.806
113;-0.1788;-0.1788;0.0225;0.0225;245.67;245.67;57.80040744;42.12522725;42.73;2.313;106;-0.017;-0.005;2.3;2.3;-0.03;-0.019;-0.125;86.15;2.391;106.4;0.004;0.006;0.4;0.4;0.108;0.124;-0.7208
114;-0.189;-0.189;-0.0477;-0.0477;239.2;239.2;26.17;22.56387361;33.83;2.288;93.4;-0.018;-0.011;3.6;4.4;-0.077;-0.073;-0.1147;86.68056995;2.375;94.4;-0.014;-0.008;2.1;3;0.061;0.047;-0.749
115;-0.19556;-0.19556;0.00096;0.00096;226.8;226.8;40.34;31.20405191;34.24;2.294;102.5;-0.013;-0.005;3.3;4;-0.059;-0.047;-0.1143;77.11;2.378;102.3;0.004;0.011;0.3;0.7;0.081;0.1;-0.6714
116;-0.189;-0.189;-0.0477;-0.0477;239.2;239.2;30.15;22.29969211;35.29;2.292;102.3;-0.019;-0.018;4.5;3.7;-0.089;-0.083;-0.1107;90.65;2.381;102.7;-0.019;-0.012;2.6;1.6;0.032;0.046;-0.7429
117;-0.189;-0.189;-0.0477;-0.0477;239.2;239.2;37.38;26.33708823;36.24;2.297;104.5;-0.02;-0.012;4.3;3.9;-0.041;-0.054;-0.1233;81.27;2.37;102.8;-0.013;-0.007;1.7;1.9;0.101;0.097;-0.6979
118;-0.189;-0.189;-0.0477;-0.0477;239.2;239.2;23.24;20.61357408;35.35;2.286;92.3;-0.012;-0.015;4.5;3.2;-0.067;-0.065;-0.1114;88.87;2.373;94.2;-0.01;-0.014;3.1;1.9;0.044;0.058;-0.7513
119;-0.189;-0.189;-0.0477;-0.0477;239.2;239.2;27.32;21.90247859;35.6;2.29;95;-0.014;-0.012;3.8;3.1;-0.071;-0.091;-0.115;88.89;2.372;95.7;-0.015;-0.01;2.5;1.5;0.043;0.045;-0.7531
120;-0.189;-0.189;-0.0477;-0.0477;239.2;239.2;30.28;23.1581251;32.66;2.301;100.6;-0.013;-0.013;4;3.8;-0.104;-0.1;-0.1124;88.64;2.381;102.4;-0.015;-0.014;1.8;2.7;0.034;0.033;-0.7514
121;-0.189;-0.189;-0.0477;-0.0477;239.2;239.2;30.07;21.67469264;37.83;2.299;100.2;-0.016;-0.015;4.2;4.4;-0.072;-0.072;-0.1197;87.19;2.372;98.1;-0.014;-0.01;2.5;2.1;0.06;0.062;-0.7374
122;-0.189;-0.189;-0.0477;-0.0477;239.2;239.2;31.6;25.44414221;29.06;2.289;100;-0.014;-0.015;3;3.4;-0.111;-0.098;-0.1057;87.73;2.382;101;-0.013;-0.017;1.4;1.8;0.03;0.025;-0.7524
123;-0.189;-0.189;-0.0477;-0.0477;239.2;239.2;26.93;21.02961288;34.27;2.284;96.3;-0.02;-0.017;4;3.1;-0.058;-0.044;-0.1168;86.651077;2.37;97.3;-0.018;-0.015;2.4;1.4;0.044;0.067;-0.7326
124;-0.19974;-0.19974;-0.0381;-0.0381;226.1142632;226.1142632;12.10329024;9.825430756;30.40955729;2.265;88;-0.027;-0.024;2.9;1.7;-0.022;-0.051;-0.1187;85.0195523;2.362;93.1;-0.037;-0.026;3.2;1.6;0.008;-0.001;-0.729
125;-0.189;-0.189;-0.0477;-0.0477;239.2;239.2;35.59;25.23267151;35.54;2.295;103.8;-0.015;-0.012;3.5;2.5;-0.07;-0.056;-0.1116;85.24984829;2.378;104.8;-0.008;-0.006;1.5;0.5;0.051;0.076;-0.7113
126;-0.1905;-0.1905;0.0327;0.0327;233;233;28.05;18.32002686;39.64;2.295;103.4;-0.019;-0.019;4.7;4.7;-0.092;-0.088;-0.1499;99.85324938;2.385;102.6;-0.023;-0.023;3.9;3.9;0.032;0.032;-0.7979
127;-0.2508;-0.2508;-0.0332;-0.0332;197.71;197.71;20.97;14.68862938;19.89;2.249;95.1;-0.006;-0.004;3.5;3.4;-0.006;-0.005;-0.0657;72.76178173;2.35;103.1;0.006;0.007;3.5;3.6;0.016;0.015;-0.5976
128;-0.189;-0.189;-0.0477;-0.0477;239.2;239.2;29.4;19.47715437;38.82;2.303;103.9;-0.01;-0.014;3.8;3.8;-0.068;-0.087;-0.1186;90.2900046;2.378;103.5;-0.012;-0.014;2.3;2.1;0.052;0.05;-0.7316
129;-0.1905;-0.1905;0.0327;0.0327;233;233;26.17;18.0916134;38.18;2.294;101.4;-0.019;-0.019;4.7;4.6;-0.117;-0.113;-0.1445;100.7123099;2.387;101.7;-0.023;-0.023;3.8;3.8;0.026;0.026;-0.8042
130;-0.184;-0.184;0.0266;0.0266;241.2441447;241.2441447;36.97;31.55106466;39.21;2.299;102.4;-0.016;-0.014;5.3;5.1;-0.092;-0.085;-0.1372;94.59;2.4;101.7;-0.01;-0.007;4.1;4.1;0.052;0.053;-0.7943
131;-0.1788;-0.1788;0.0225;0.0225;245.67;245.67;53.68998548;45.26967735;37.25;2.315;103.1;-0.005;0.001;2.3;2.3;-0.048;-0.048;-0.1192;84.17;2.389;104.9;0.008;0.014;0.3;0.3;0.103;0.103;-0.7217
132;-0.1881;-0.1881;0.0265;0.0265;237.21;237.21;48.27;40.7491553;25.46;2.293;101.9;-0.013;-0.013;6.6;8.4;-0.044;-0.103;-0.1378;86.56;2.399;103.1;-0.017;-0.013;6.3;6.7;0.039;0.047;-0.8133
133;-0.1816;-0.1816;0.0278;0.0278;245.42;245.42;38.16473637;33.06775513;38.62;2.301;100;-0.003;-0.018;4.2;5.3;-0.099;-0.099;-0.134;93.44;2.4;103;0.002;-0.011;2.6;3.9;0.051;0.053;-0.7881
134;-0.189;-0.189;-0.0477;-0.0477;239.2;239.2;23.75;19.0297401;36.59;2.293;96.5;-0.011;-0.008;2.5;2.3;-0.063;-0.047;-0.1118;92.61367227;2.379;100.9;-0.011;-0.01;1.5;1.6;0.043;0.045;-0.7384
135;-0.189;-0.189;-0.0477;-0.0477;239.2;239.2;46.68;35.41966073;29.55;2.291;106.7;-0.012;-0.014;4.5;4.7;-0.048;-0.05;-0.1208;77.19;2.379;104.8;-0.006;-0.006;3.5;3.5;0.057;0.057;-0.724
136;-0.189;-0.189;-0.0477;-0.0477;239.2;239.2;24.48;22.52559553;33.07;2.28;97;-0.012;-0.013;2.9;1.7;-0.049;-0.042;-0.0992;90.01;2.376;100.5;-0.012;-0.016;2;1.2;0.043;0.042;-0.7099
137;-0.189;-0.189;-0.0477;-0.0477;239.2;239.2;26.98;19.12449404;45.32;2.311;100;-0.015;-0.014;2.1;2.1;-0.055;-0.055;-0.1354;94.01;2.381;102.7;-0.008;-0.005;1.1;0.5;0.06;0.065;-0.7469
138;-0.19556;-0.19556;0.00096;0.00096;226.8;226.8;30.67;23.75300411;38.14;2.289;99.2;-0.002;-0.01;3.4;2.7;-0.039;-0.045;-0.1107;81.74;2.373;103;0.01;0.004;0.8;0.1;0.086;0.088;-0.6704
139;-0.184;-0.1788;0.0266;0.0225;241.2441447;245.67;42.23;36.10239107;39.35;2.305;101.6;-0.018;-0.006;5.4;2.1;-0.095;-0.054;-0.1256;89.6;2.397;102.7;-0.012;0.009;4;0.7;0.056;0.086;-0.7628
140;-0.1881;-0.1788;0.0265;0.0225;237.21;245.67;52.62;42.13212985;32.75;2.308;103;-0.019;-0.003;8.3;2.5;-0.099;-0.065;-0.1278;86.02;2.401;103.1;-0.019;0.012;6.3;1.1;0.048;0.075;-0.7778
141;-0.1788;-0.1869;0.0225;-0.0506;245.67;241.3;33.31260525;27.3323183;40.13;2.301;100.1;-0.008;-0.017;2.6;3.4;-0.068;-0.06;-0.1188;91.7;2.387;101.3;0.005;-0.016;0.8;2.2;0.098;0.048;-0.7251
142;-0.189;-0.1788;-0.0477;0.0225;239.2;245.67;45.8;33.13803619;37.73;2.3;104.8;-0.01;-0.009;5;2.5;-0.046;-0.064;-0.1192;84.19;2.382;104.5;-0.004;0.005;3.7;0.3;0.059;0.1;-0.7194
143;-0.19556;-0.1788;0.00096;0.0225;226.8;245.67;40.48;34.47714146;37.85;2.302;99.9;-0.011;0;3.9;1.7;-0.08;-0.035;-0.1109;81.78;2.381;103.3;0.005;0.017;1.2;0;0.075;0.122;-0.6933
144;-0.1816;-0.189;0.0278;-0.0477;245.42;239.2;32.16;23.38151848;39.75;2.299;100.6;-0.018;-0.01;5.4;2.4;-0.105;-0.064;-0.1262;94.04;2.395;102.2;-0.007;-0.009;3.8;1.2;0.056;0.036;-0.7673
145;-0.189;-0.189;-0.0477;-0.0477;239.2;239.2;28.11;19.81514305;32.83;2.28;99.4;-0.017;-0.007;1.8;2.7;-0.024;-0.035;-0.1088;91.49;2.379;102.6;-0.021;-0.009;1.8;2.1;0.027;0.045;-0.7201
146;-0.1842;-0.1842;0.0298;0.0298;241.2328496;241.2328496;50.01;43.72788651;29.28;2.306;102.7;-0.01;-0.011;3.1;7.9;-0.079;-0.064;-0.1283;76.92;2.402;102.9;0;0.002;7;6.4;0.055;0.065;-0.7889
146a;-0.1842;-0.1842;0.0298;0.0298;241.2328496;241.2328496;51.26;41.89301262;33;2.309;106.4;-0.012;-0.01;3.2;3;-0.067;-0.071;-0.1252;76.61;2.399;104.4;0.002;0.004;7.1;6.9;0.064;0.065;-0.7892
147;-0.1798;-0.1798;0.0255;0.0255;243.8056385;243.8056385;38.63;34.52985226;36.44;2.304;99.4;-0.009;-0.013;5.2;4;-0.093;-0.092;-0.1253;85.86;2.388;101.2;0.001;-0.002;2.8;1.7;0.098;0.101;-0.7198
147a;-0.1798;-0.1798;0.0255;0.0255;243.8056385;243.8056385;37.09;31.38665718;43.4;2.307;102.6;-0.005;-0.025;2.3;5.4;-0.073;-0.096;-0.1283;90.34;2.39;103.6;0.005;-0.008;0.1;3;0.099;0.086;-0.7294
148;-0.1884;-0.1884;-0.0394;-0.0394;237.05;237.05;18.33;14.74071267;38.05;2.28;93.9;-0.021;-0.021;4.9;4.9;-0.107;-0.101;-0.1405;96.0304615;2.379;94.3;-0.02;-0.021;4.3;4.1;0.019;0.036;-0.7995
149;-0.2432;-0.2432;-0.0767;-0.0767;205.51;205.51;21.84;18.77120619;12.68;2.238;86.5;0.003;0.003;3.2;2.9;-0.003;0.005;-0.0772;64.50124667;2.344;94.4;0.016;0.017;2.2;2.2;0.03;0.029;-0.6065
150;-0.1804;-0.1804;-0.046;-0.046;248.87;248.87;66.8865311;54.19372905;23.47683233;2.306;105.3;0.007;-0.006;2.3;2.7;0.042;-0.092;-0.1124;63.7764732;2.414;104.9;0.018;0.014;1.5;1.2;0.066;0.085;-0.7293
151;-0.1869;-0.1869;-0.0506;-0.0506;241.3;241.3;26.63;23.01819048;34.13;2.295;94.5;-0.011;-0.009;3.1;2.2;-0.073;-0.066;-0.1055;86.40258324;2.377;95.2;-0.009;-0.01;2.5;1.8;0.036;0.039;-0.7629
152;-0.1869;-0.1869;-0.0506;-0.0506;241.3;241.3;29.30500658;28.51324517;29.62391539;2.293;92.9;-0.012;-0.009;3.5;3.8;-0.084;-0.079;-0.106;82.84021181;2.38;96;-0.01;-0.009;2.6;3.4;0.038;0.039;-0.767
153;-0.1869;-0.1869;-0.0506;-0.0506;241.3;241.3;46.83408023;46.50546123;25.9184718;2.299;88.5;-0.005;0.004;1.3;-0.8;-0.04;-0.038;-0.0953;66.09574831;2.383;91.6;0;0.009;0.7;-0.9;0.09;0.088;-0.7154
154;-0.1869;-0.1869;-0.0506;-0.0506;241.3;241.3;29.63;26.54291135;31.19;2.295;93.6;-0.01;-0.007;4;2.9;-0.079;-0.057;-0.1016;83.36355473;2.379;95;-0.008;-0.008;2.8;3;0.037;0.038;-0.7656
155;-0.1869;-0.1869;-0.0506;-0.0506;241.3;241.3;29.43;26.52722361;33.26;2.298;93.6;-0.01;-0.011;3.6;4.3;-0.052;-0.075;-0.1061;84.85514482;2.382;95.8;-0.009;-0.009;3.4;3.3;0.044;0.038;-0.7693
156;-0.1858;-0.1858;-0.0041;-0.0041;240.51;240.51;29.53989672;22.62097697;40.8205674;2.299;96.8;-0.02;-0.022;1.8;3.8;-0.069;-0.083;-0.1584;101.877595;2.392;100.3;-0.012;-0.018;-0.2;2.3;0.038;0.036;-0.82
157;-0.1922;-0.1922;-0.0587;-0.0587;239.45;239.45;21.30634457;17.24510308;33.21326973;2.28;92;-0.02;-0.021;3;4.2;-0.036;-0.09;-0.1416;92.42918448;2.376;96;-0.02;-0.017;2.7;2.4;0.028;0.021;-0.7846
158;-0.1922;-0.1922;-0.0587;-0.0587;239.45;239.45;20.85;15.82881414;34.01;2.282;92.1;-0.019;-0.02;4.1;3;-0.075;-0.063;-0.1425;94.34308846;2.377;94.4;-0.017;-0.021;2.7;3;0.012;0.026;-0.7991
159;-0.21887;-0.21887;-0.08562;-0.08562;221.6576907;221.6576907;19.87562291;19.04103527;16.91684802;2.256;90.3;-0.023;-0.024;4.2;4.2;-0.007;-0.018;-0.1291;83.4338358;2.378;99.4;-0.027;-0.028;2.7;2.8;-0.007;-0.008;-0.7174
160;-0.2074;-0.2074;-0.0003;-0.0003;223.6;223.6;16.21347747;13.37713453;24.34154042;2.256;88.4;-0.028;-0.019;2.6;2.8;-0.061;-0.036;-0.1531;85.29314645;2.357;91.9;-0.036;-0.03;2.5;3;-0.003;0.016;-0.7749
161;-0.21887;-0.21887;-0.08562;-0.08562;221.6576907;221.6576907;28.67205108;16.69414974;27.15968559;2.271;99.7;-0.023;-0.022;4.3;2.6;-0.005;-0.003;-0.1107;86.38689551;2.375;109.1;-0.019;-0.02;2;1.7;0.028;0.028;-0.6452
162;-0.2074;-0.2074;-0.0003;-0.0003;223.6;223.6;23.77998702;14.69113942;20.16420968;2.254;97.6;-0.028;-0.028;3;1.8;0.01;-0.007;-0.111;78.2154668;2.358;106.8;-0.032;-0.029;2;1.5;0.013;0.011;-0.6368
163;-0.1922;-0.1922;-0.0587;-0.0587;239.45;239.45;17.7151077;15.05070236;34.69168212;2.284;88.4;-0.022;-0.022;3.2;4.7;-0.052;-0.1;-0.1412;95.13312292;2.376;94.1;-0.023;-0.018;3.5;3.2;0.023;0.013;-0.7985
164;-0.20173;-0.20173;-0.04006;-0.04006;221.5083435;221.5083435;21.87988825;14.48;32.3918598;2.269;89.6;-0.021;-0.017;4.4;2.2;-0.062;-0.016;-0.118;93.99356566;2.371;96.3;-0.022;-0.022;3.6;2.7;0.008;0.029;-0.7461
165;-0.1897;-0.1897;-0.0027;-0.0027;230.61;230.61;15.82944165;14.36483448;31.68;2.27;93.4;-0.024;-0.025;4.4;4.9;-0.066;-0.066;-0.1739;102.35;2.39;100.8;-0.029;-0.03;4.5;5;-0.002;-0.003;-0.8492
166;-0.1922;-0.1922;-0.0587;-0.0587;239.45;239.45;21.9874325;19.02785757;32.67;2.284;92;-0.02;-0.019;3.9;3.9;-0.063;-0.063;-0.1419;95.64;2.384;98.6;-0.021;-0.02;2.9;2.9;0.013;0.013;-0.7822
167;-0.1922;-0.1852;-0.0587;-0.0462;239.45;241.21;34.02407741;27.88229973;31.60998296;2.293;94.2;-0.024;-0.003;3.7;0.9;-0.09;-0.066;-0.1464;88.41500621;2.383;93.6;-0.02;-0.007;2;0.7;0.016;0.052;-0.8028
168;-0.1922;-0.1852;-0.0587;-0.0462;239.45;241.21;20.9025027;19.3613535;31.01384894;2.29;89.7;-0.02;-0.002;4.5;1.8;-0.101;-0.083;-0.1387;87.62685428;2.383;92.2;-0.02;0.002;2.8;0.4;0.012;0.058;-0.8002
169;-0.1922;-0.1852;-0.0587;-0.0462;239.45;241.21;20.58731784;18.94888179;34.6446189;2.28;94.3;-0.026;-0.012;4.5;2.4;-0.095;-0.025;-0.1175;87.96445439;2.375;101.4;-0.028;-0.005;3.1;0.9;0.001;0.09;-0.7297
170;-0.1922;-0.1852;-0.0587;-0.0462;239.45;241.21;21.88961544;19.44176131;36.02953237;2.292;92.7;-0.031;-0.001;1;5.7;-0.101;-0.048;-0.1362;91.00599293;2.384;99.7;-0.03;0.003;-0.5;4.8;0.002;0.064;-0.7742
171;-0.1788;-0.1788;0.0225;0.0225;245.67;245.67;162.414303;58.66360883;40.25643636;2.32;122.6;-0.007;-0.007;1.2;2.1;0.025;0.031;-0.1296;69.7346759;2.4;116.8;0.009;0.013;-0.3;-0.2;0.176;0.15;-0.66
172;-0.189;-0.189;-0.0477;-0.0477;239.2;239.2;32.99;22.55634349;38.68;2.302;103;-0.01;-0.016;2.1;3.7;-0.069;-0.104;-0.123;85.60125361;2.384;100.4;-0.005;-0.012;1;1.9;0.049;0.062;-0.7292
173;-0.1905;-0.1905;0.0327;0.0327;233;233;100.0226609;30.64619597;36.48;2.305;125;-0.017;-0.017;5.1;5.1;-0.051;-0.051;-0.1627;81.87;2.383;105.2;-0.011;-0.011;3.9;3.8;0.082;0.083;-0.7431
174;-0.1788;-0.1788;0.0225;0.0225;245.67;245.67;127.46;67.29651582;36.78;2.313;131.3;-0.007;-0.01;2;1.9;0.092;0.093;-0.1271;53.39872109;2.366;124.100708;0.014;0.021;-0.5;-0.9;0.33785;0.35855;-0.529
175;-0.1816;-0.1816;0.0278;0.0278;245.42;245.42;98.31;46.72424437;40.16;2.318;127.1;-0.014;-0.014;4.1;4.8;-0.012;-0.037;-0.1444;69.25400363;2.382;120.764782;0.006;0.006;1.5;0.7;0.211166;0.214742;-0.6186
176;-0.1869;-0.1869;-0.0506;-0.0506;241.3;241.3;93.06662073;39.2819817;30.32;2.298;120.4;-0.004;-0.017;2.7;4.1;0.082;-0.014;-0.1261;65.64;2.375;111.3;0.007;-0.001;1;1.7;0.146;0.114;-0.6427
177;-0.2166;-0.2166;-0.0774;-0.0774;222.4075646;222.4075646;117.1170051;47.04050916;22.61149673;2.281;126.6;-0.009;-0.013;2.5;3.4;0.107;0.067;-0.0893;58.45582015;2.364;119.7;0.005;0.001;0.1;-0.2;0.15;0.156;-0.5028
178;-0.1884;-0.1884;-0.0394;-0.0394;237.05;237.05;46.7788281;22.99431501;39.73434846;2.288;113.5;-0.021;-0.021;4.2;4.3;-0.066;-0.062;-0.1475;86.30657429;2.376;102.9;-0.022;-0.018;3.1;2.2;0.083;0.063;-0.7503
179;-0.184;-0.184;0.0266;0.0266;241.2441447;241.2441447;104.4001648;34.87428848;41.58738401;2.307;119;-0.01;-0.01;2.3;2.4;-0.019;-0.019;-0.1327;81.26579048;2.384;112.5;-0.004;-0.003;0.4;0.4;0.159;0.171;-0.6675
180;-0.1869;-0.1869;-0.0506;-0.0506;241.3;241.3;40.59070946;31.45982858;32.87378709;2.287;106.2;-0.013;-0.008;3.1;2.9;-0.024;-0.032;-0.1135;72.03638075;2.369;110.8;0.001;-0.004;1.3;1;0.138;0.112;-0.6369
181;-0.1697;-0.1697;-0.0502;-0.0502;251.0809837;251.0809837;152.478683;69.10394952;10.65116566;2.281;120.7;0.006;0.012;0.3;0.3;0.039;0.098;0;53.4125263;2.389;114.1;0.019;0.01;-1.9;-2.8;0.289;0.207;-0.5957
182;-0.1881;-0.1881;-0.0635;-0.0635;236.04;236.04;35.1994049;18.65511693;39.19720033;2.293;109.6;-0.02;-0.017;4;3.7;-0.092;-0.103;-0.1547;89.04628077;2.376;101.5;-0.02;-0.016;2.6;2.1;0.066;0.065;-0.742
183;-0.1884;-0.1884;-0.0394;-0.0394;237.05;237.05;54.00977364;20.24971372;35.93352342;2.289;115.5;-0.023;-0.016;4.8;3.4;-0.093;-0.058;-0.1554;85.47010413;2.377;99.8;-0.021;-0.016;10.4;9.8;0.059;0.038;-0.7511
184;-0.184;-0.184;0.0266;0.0266;241.2441447;241.2441447;36.00818521;34.12122747;39.66594992;2.312;115;-0.015;-0.021;6;3.8;-0.073;-0.069;-0.1289;81.02733687;2.384;104.2;-0.001;-0.011;4.2;2;0.129;0.09;-0.7108
185;-0.1869;-0.1869;-0.0506;-0.0506;241.3;241.3;37.66;27.01668102;35.03;2.289;106.7;-0.021;-0.01;4;2.2;-0.077;-0.058;-0.1241;74.51378826;2.375;106.8;-0.013;0.004;2.8;-0.1;0.067;0.115;-0.6642
186;-0.1697;-0.1697;-0.0502;-0.0502;251.0809837;251.0809837;95.56319446;62.78740008;23.9367968;2.275;136;-0.003;-0.002;-0.3;0.4;0.102;0.078;-0.0583;64.49497158;2.386;107.8;0.008;0.013;-2.3;-0.3;0.156;0.218;-0.6401
187;-0.1884;-0.1884;-0.0394;-0.0394;237.05;237.05;29.53676753;20.18623211;36.77250362;2.287;105;-0.018;-0.022;4.6;4.8;-0.105;-0.127;-0.1482;92.15998291;2.379;99.6;-0.013;-0.022;3.2;3.9;0.048;0.042;-0.7786
188;-0.184;-0.184;0.0266;0.0266;241.2441447;241.2441447;58.7318717;36.42872856;37.65854703;2.313;113.6;-0.019;-0.015;6.3;3.1;-0.084;-0.084;-0.1292;80.94827067;2.389;102.8;-0.003;-0.006;4.7;1.6;0.115;0.071;-0.7301
189;-0.1869;-0.1869;-0.0506;-0.0506;241.3;241.3;39.51122875;20.31880342;40.27086908;2.297;108.2;-0.017;-0.014;3.3;3.8;-0.054;-0.047;-0.114;84.71144514;2.371;100;-0.013;-0.002;2.2;2.5;0.06;0.088;-0.6987
190;-0.1697;-0.1697;-0.0502;-0.0502;251.0809837;251.0809837;148.7436999;68.10386483;21.28368663;2.288;116.8;0.005;0.006;-0.5;-0.3;0.103;0.104;-0.0996;62.57855757;2.383;111.1;0.014;0.01;-2.7;-1.3;0.244;0.213;-0.6153
191;-0.1884;-0.1884;-0.0394;-0.0394;237.05;237.05;27.54265384;21.89778811;32.19795936;2.287;97.4;-0.023;-0.026;4.8;3.7;-0.088;-0.137;-0.1404;89.25147637;2.38;97.3;-0.02;-0.028;3.8;3.5;0.046;0.026;-0.7932
192;-0.184;-0.184;0.0266;0.0266;241.2441447;241.2441447;49.93555737;45.88090766;25.04058601;2.309;99.8;-0.014;-0.02;5.8;4.4;-0.075;-0.12;-0.1164;74.11029965;2.391;112.3;-0.005;-0.02;4.1;2.7;0.115;0.047;-0.7419
193;-0.1869;-0.1869;-0.0506;-0.0506;241.3;241.3;37.22279952;32.98034319;29.37604914;2.295;98.4;-0.015;-0.016;2.3;3.7;-0.102;-0.078;-0.1102;77.18384118;2.373;97.4;-0.009;-0.005;0.8;2.4;0.054;0.081;-0.7116
194;-0.1697;-0.1697;-0.0502;-0.0502;251.0809837;251.0809837;167.9423242;67.25179352;15.02302435;2.298;114.2;0.009;-0.005;-2;1.7;0.101;-0.001;-0.0934;55.41114406;2.382;112.5;0.03;0.006;-3.4;1.2;0.214;0.169;-0.6106
195;-0.1884;-0.1884;-0.0394;-0.0394;237.05;237.05;73.15187912;15.22568502;40.44092416;2.291;118.7;-0.024;-0.025;4.5;4.8;-0.056;-0.067;-0.1533;87.09723626;2.374;100;-0.025;-0.019;4.1;2;0.066;0.04;-0.741
196;-0.184;-0.184;0.0266;0.0266;241.2441447;241.2441447;123.1235453;34.05971135;39.37039295;2.307;119.7;-0.02;-0.022;7.6;4.5;-0.048;-0.027;-0.1315;79.91162497;2.385;104.6;-0.007;-0.012;6.1;3;0.119;0.084;-0.7106
197;-0.1869;-0.1869;-0.0506;-0.0506;241.3;241.3;43.45780699;21.98546428;39.65402724;2.293;110.1;-0.014;-0.014;2.7;2.9;-0.033;-0.04;-0.1145;82.74106531;2.368;101.1;-0.007;-0.003;1.3;1.6;0.065;0.088;-0.6843
198;-0.1697;-0.1697;-0.0502;-0.0502;251.0809837;251.0809837;96.48763904;61.70878197;20.12906915;2.276;132.7;-0.002;0.001;-0.6;0.2;0.192;0.127;-0.0605;63.85491189;2.387;107.1;0.007;0.011;-2.5;-0.6;0.144;0.213;-0.6396
199;-0.1884;-0.1884;-0.0394;-0.0394;237.05;237.05;87.51;21.3220323;52.04;2.28;136.3;-0.018;-0.018;4.1;4.1;0.097;0.092;-0.135;83.53047226;2.373;118.9;-0.013;-0.013;2.9;2.9;0.206;0.206;-0.62
200;-0.184;-0.184;0.0266;0.0266;241.2441447;241.2441447;105.4997433;54.75787892;36.99840704;2.292;132.6;-0.014;-0.017;3;3.3;0.135;0.083;-0.1247;59.9518028;2.368;122.5;0;0.004;1.1;1.5;0.272;0.292;-0.5648
201;-0.1869;-0.1869;-0.0506;-0.0506;241.3;241.3;47.82;47.32853602;31.5;2.299;132.7;-0.015;-0.014;3;3.3;0.079;0.078;-0.1118;55.66905046;2.366;116;-0.003;-0.004;1.2;1;0.221;0.218;-0.5693
202;-0.1869;-0.1869;-0.0506;-0.0506;241.3;241.3;37.46;25.033751;40.66;2.297;108.7;-0.018;-0.02;3.3;3.5;-0.078;-0.084;-0.1235;77.49257585;2.375;109.3;-0.004;-0.008;1.1;1.2;0.11;0.119;-0.6414
203;-0.1884;-0.1884;-0.0394;-0.0394;237.05;237.05;34.06429808;19.5919735;38.77551394;2.29;110.2;-0.021;-0.019;4.1;3.9;-0.123;-0.121;-0.1544;87.74106101;2.376;101.7;-0.018;-0.016;2.4;2.2;0.068;0.067;-0.7395
204;-0.184;-0.184;0.0266;0.0266;241.2441447;241.2441447;88.48600031;33.83092545;42.68113307;2.314;120.3;-0.013;-0.016;2.4;2.7;-0.072;-0.074;-0.1354;75.4086168;2.388;115.8;0.01;0.001;1.3;1.2;0.147;0.154;-0.6596
205;-0.1869;-0.1869;-0.0506;-0.0506;241.3;241.3;41.77585121;25.506269;40.34366018;2.3;110.3;-0.019;-0.018;3.7;3.2;-0.076;-0.075;-0.1244;76.28650259;2.373;108.8;-0.007;-0.007;1.1;0.7;0.12;0.119;-0.6381
206;-0.1697;-0.1697;-0.0502;-0.0502;251.0809837;251.0809837;122.3166153;62.20734243;31.20523933;2.317;115.5;-0.004;0.001;0.9;0.6;0.056;0.03;-0.0906;55.31450759;2.387;111.8;0.009;0.013;-1.1;-0.9;0.184;0.227;-0.6069
207;-0.1884;-0.1884;-0.0394;-0.0394;237.05;237.05;31.29115716;18.55302859;39.55488074;2.29;109;-0.022;-0.019;4.3;3.6;-0.126;-0.125;-0.1534;89.04565326;2.376;101.4;-0.019;-0.017;2.6;2;0.066;0.065;-0.7429
208;-0.184;-0.184;0.0266;0.0266;241.2441447;241.2441447;79.74930389;33.66724318;42.63344235;2.312;119;-0.016;-0.015;2.6;2.5;-0.079;-0.068;-0.1347;77.00311844;2.388;115.2;-0.005;0.001;0.8;1.4;0.127;0.141;-0.6663
209;-0.186;-0.186;-0.0444;-0.0444;243.86;243.86;73.2;39.72123835;39.79;2.311;117.6;-0.012;-0.015;2.6;3.1;-0.08;-0.084;-0.1335;73.28;2.381;109.9;0.004;0.002;-0.4;-1;0.128;0.165;-0.6436
210;-0.1804;-0.1804;-0.046;-0.046;248.87;248.87;138.3;60.24581908;42.45;2.332;130.1;-0.009;-0.005;1.4;1.6;-0.046;-0.041;-0.1152;57.60759441;2.399294;114.11791;0.005268333;0.033745;0.384204667;0.411247333;0.185866;0.186869;-0.61206
211;-0.186;-0.186;-0.0444;-0.0444;243.86;243.86;75.98;40.51754791;35.93;2.316;117.7;-0.017;-0.011;4.2;1.1;-0.085;-0.068;-0.1385;67.52;2.378;112.7;0.002;0.01;1.5;-2;0.171;0.151;-0.6392
212;-0.1869;-0.1869;-0.0506;-0.0506;241.3;241.3;36.84;25.4497898;39.77;2.297;107.8;-0.016;-0.017;3.2;3.4;-0.077;-0.088;-0.1245;76.65485067;2.373;108.8;-0.005;-0.005;0.7;0.8;0.115;0.115;-0.6408
213;-0.1697;-0.1697;-0.0502;-0.0502;251.0809837;251.0809837;129.1041496;61.17697426;32.28141813;2.32;113.9;-0.001;-0.001;0.9;0.7;0.047;0.053;-0.0953;54.89784129;2.379;108.1;0.014;0.009;-1.2;-0.2;0.25;0.228;-0.6043
214;-0.1884;-0.1884;-0.0394;-0.0394;237.05;237.05;31.24968766;20.25876602;38.84893255;2.291;107;-0.019;-0.019;3.9;3.8;-0.11;-0.109;-0.1518;87.48691966;2.375;101.4;-0.015;-0.016;1.9;1.9;0.074;0.073;-0.7386
215;-0.184;-0.184;0.0266;0.0266;241.2441447;241.2441447;63.18598494;35.39562228;43.0532462;2.312;116.1;-0.014;-0.016;2.4;2.6;-0.075;-0.089;-0.1323;71.15284737;2.372;113.1;0.006;0.008;0.2;-1.4;0.196;0.188;-0.6278
216;-0.1869;-0.1869;-0.0506;-0.0506;241.3;241.3;38.34375569;24.96397938;40.21502074;2.301;107.7;-0.016;-0.018;3.1;3.1;-0.085;-0.082;-0.1241;69.20756792;2.358;106;0.001;-0.001;0;1;0.157;0.139;-0.6253
217;-0.1697;-0.1697;-0.0502;-0.0502;251.0809837;251.0809837;168.8408916;66.9237049;15.83690417;2.297;119.9;0;0;-0.4;-0.6;0.03;0.028;-0.0902;52.47063454;2.388;110.4;0.011;0.013;-1.3;-1.7;0.189;0.218;-0.6151
218;-0.1884;-0.1884;-0.0394;-0.0394;237.05;237.05;50.02783195;21.54540562;35.8199442;2.289;115.3;-0.017;-0.018;3.9;4;-0.095;-0.096;-0.1529;84.08644568;2.374;102.2;-0.016;-0.017;2.3;2.4;0.071;0.072;-0.7263
219;-0.184;-0.184;0.0266;0.0266;241.2441447;241.2441447;97.4216195;35.55334603;40.93226409;2.308;120.4;-0.014;-0.014;2.5;2.7;-0.066;-0.059;-0.1319;72.98580262;2.378;117.9;0.003;0.007;0.9;1.4;0.169;0.181;-0.6298
220;-0.1869;-0.1869;-0.0506;-0.0506;241.3;241.3;44.44278723;26.74112326;39.00580993;2.299;111.7;-0.016;-0.016;3.8;3.5;-0.061;-0.062;-0.1235;73.53738347;2.37;110.4;-0.002;-0.003;1.1;0.9;0.133;0.129;-0.6168
221;-0.1697;-0.1697;-0.0502;-0.0502;251.0809837;251.0809837;161.0087651;61.5333807;30.43779522;2.312;116.3;-0.002;0.001;0.6;0.6;0.064;0.062;-0.0871;52.23908353;2.379;123.9;0.011;0.008;-0.9;-0.5;0.254;0.251;-0.5923
222;-0.1869;-0.1869;-0.0506;-0.0506;241.3;241.3;39.76;25.1134447;41.69;2.302;110.8;-0.023;-0.014;3.7;2.5;-0.091;-0.085;-0.1259;78.0836898;2.375;109.776245;-0.008;-0.002;1.2;0;0.12;0.116;-0.6424
223;-0.1884;-0.1884;-0.0394;-0.0394;237.05;237.05;49.46932782;21.07643846;38.50380233;2.295;117.2;-0.019;-0.02;4;4.1;-0.11;-0.111;-0.1592;86.38250294;2.375;102.4;-0.018;-0.018;2.4;2.5;0.072;0.072;-0.7369
224;-0.184;-0.184;0.0266;0.0266;241.2441447;241.2441447;126.3632755;35.46977873;42.60143936;2.314;122.8;-0.014;-0.015;2.6;2.6;-0.06;-0.053;-0.1373;72.70405086;2.377;118.9;0.005;0.004;1;1;0.204;0.203;-0.6197
225;-0.1869;-0.1869;-0.0506;-0.0506;241.3;241.3;39.96;26.93698731;40.73;2.297;110.6;-0.02;-0.02;3.3;3.6;-0.066;-0.078;-0.1262;75.90874187;2.372;109.3;-0.007;-0.007;3.6;3.6;0.134;0.131;-0.6294
226;-0.1697;-0.1697;-0.0502;-0.0502;251.0809837;251.0809837;117.6137238;63.22498121;23.1310746;2.302;135.9;0.001;0.004;-0.2;-0.5;0.048;0.035;-0.0762;49.77861878;2.377;107.6;0.014;0.017;-1.2;-2.1;0.268;0.245;-0.5911
227;-0.1884;-0.1884;-0.0394;-0.0394;237.05;237.05;44.3415442;20.47817013;38.99639729;2.293;115;-0.019;-0.022;3.8;4.3;-0.114;-0.115;-0.1588;87.52582525;2.375;102.1;-0.016;-0.019;2.1;2.6;0.073;0.072;-0.7378
228;-0.184;-0.184;0.0266;0.0266;241.2441447;241.2441447;97.71562135;36.42355898;42.80412493;2.313;121;-0.014;-0.016;2.4;2.8;-0.071;-0.062;-0.1375;76.42769223;2.384;116.7;0.004;0.001;1.3;1.1;0.157;0.155;-0.657
229;-0.1869;-0.1869;-0.0506;-0.0506;241.3;241.3;41.89579574;24.91107854;41.30186719;2.3;112.1;-0.017;-0.019;3.2;3.3;-0.077;-0.078;-0.1259;77.19764639;2.372;108.9;-0.005;-0.006;0.6;0.8;0.13;0.127;-0.6335
230;-0.1697;-0.1697;-0.0502;-0.0502;251.0809837;251.0809837;99.3285341;65.0986214;24.13383478;2.307;138.1;0;0.001;-1;-0.5;0.021;0.017;-0.0696;53.57442375;2.383;112;0.018;0.019;-2.9;-2;0.217;0.192;-0.5958
231;-0.1884;-0.1884;-0.0394;-0.0394;237.05;237.05;47.12044297;21.38674946;38.74978605;2.296;116.7;-0.018;-0.019;4;4.1;-0.115;-0.117;-0.1611;86.8292897;2.376;102;-0.016;-0.017;2.4;2.5;0.071;0.072;-0.7424
232;-0.184;-0.184;0.0266;0.0266;241.2441447;241.2441447;115.6785549;35.23152093;43.12478229;2.313;121.9;-0.016;-0.016;2.7;2.5;-0.065;-0.053;-0.1373;76.3862766;2.383;116.1;0.002;-0.004;1.3;0.7;0.157;0.147;-0.6552
233;-0.1869;-0.1869;-0.0506;-0.0506;241.3;241.3;45.85066061;26.72805366;41.22280099;2.305;113;-0.02;-0.02;3.8;4.1;-0.071;-0.071;-0.1281;76.36556879;2.373;109.2;-0.005;-0.008;1;1.4;0.131;0.126;-0.6348
234;-0.1697;-0.1697;-0.0502;-0.0502;251.0809837;251.0809837;123.1818929;69.86558019;23.62241454;2.304;134.9;0.001;0.004;-0.9;-0.6;0.02;0.04;-0.0772;49.99259952;2.383;112.4;0.023;0.021;-2.6;-1.8;0.213;0.199;-0.5934
235;-0.1884;-0.1884;-0.0394;-0.0394;237.05;237.05;27.77125573;16.6120783;39.09742632;2.285;106;-0.024;-0.02;4.2;3.7;-0.118;-0.12;-0.1456;90.25862912;2.375;100.8;-0.021;-0.016;2.5;2;0.057;0.057;-0.7392
236;-0.184;-0.184;0.0266;0.0266;241.2441447;241.2441447;59.06217808;30.93934245;42.54872857;2.307;115.3;-0.015;-0.016;2.5;2.3;-0.095;-0.071;-0.1275;78.91827744;2.387;114.2;0.004;-0.008;1.3;0.8;0.12;0.116;-0.6685
237;-0.1869;-0.1869;-0.0506;-0.0506;241.3;241.3;34.08620304;24.07428897;39.69983544;2.295;106.3;-0.018;-0.014;3.3;2.9;-0.084;-0.092;-0.1185;76.80043287;2.373;107.4;-0.006;-0.003;1.1;0.5;0.105;0.105;-0.643
238;-0.1697;-0.1697;-0.0502;-0.0502;251.0809837;251.0809837;123.4127175;61.23615398;22.74892131;2.298;124.4;0.001;0.001;-0.1;-0.2;0.03;0.033;-0.0926;56.66741808;2.382;110.5;0.02;0.019;-2.3;-1.5;0.185;0.178;-0.9018
239;-0.1884;-0.1884;-0.0394;-0.0394;237.05;237.05;32.53425298;18.29073889;37.05488289;2.285;109.4;-0.022;-0.017;4.3;3.7;-0.115;-0.116;-0.1469;87.35326014;2.374;101.4;-0.021;-0.015;2.8;2.2;0.058;0.06;-0.7321
240;-0.184;-0.184;0.0266;0.0266;241.2441447;241.2441447;64.37053871;31.36127973;41.38407093;2.307;116.2;-0.014;-0.014;2.6;2.3;-0.089;-0.061;-0.1262;74.75600692;2.38;107.8;0.005;-0.003;-0.3;0.4;0.119;0.123;-0.6518
241;-0.1869;-0.1869;-0.0506;-0.0506;241.3;241.3;37.81166055;24.65350892;38.52388263;2.297;109;-0.018;-0.015;3.7;3.1;-0.092;-0.089;-0.1184;76.01981106;2.373;108.6;-0.005;-0.003;1.2;0.5;0.106;0.107;-0.6364
242;-0.1697;-0.1697;-0.0502;-0.0502;251.0809837;251.0809837;117.6360481;60.64424108;24.19407569;2.302;132;0.001;-0.001;-0.3;0.1;0.039;0.017;-0.0758;53.13955967;2.38;112;0.017;0.017;-1.2;-2.1;0.2;0.208;-0.5838
243;-0.1884;-0.1884;-0.0394;-0.0394;237.05;237.05;32.5527146;17.20554952;36.24727817;2.282;109;-0.022;-0.019;4.1;3.8;-0.108;-0.111;-0.1425;86.96671428;2.373;101.5;-0.019;-0.016;2.9;2.4;0.054;0.054;-0.7259
244;-0.184;-0.184;0.0266;0.0266;241.2441447;241.2441447;86.83085272;39.39048856;35.81304159;2.305;119.7;-0.013;-0.01;2.4;3;-0.087;-0.064;-0.1254;74.41903432;2.385;117;0.008;0.003;1.4;1.2;0.148;0.141;-0.6402
245;-0.1869;-0.1869;-0.0506;-0.0506;241.3;241.3;38.2487865;24.68293229;38.23460075;2.292;108.8;-0.02;-0.015;3.4;3;-0.084;-0.082;-0.1174;74.37510866;2.372;108.9;-0.006;-0.002;0.9;0.5;0.116;0.117;-0.6199
246;-0.1697;-0.1697;-0.0502;-0.0502;251.0809837;251.0809837;146.8796306;61.14749235;19.61137381;2.293;129.3;-0.001;0.005;-0.5;-1.1;0.051;0.022;-0.0753;53.78840449;2.381;110.9;0.014;0.018;-2.5;-2.2;0.193;0.186;-0.5866
247;-0.1884;-0.1884;-0.0394;-0.0394;237.05;237.05;26.83095375;17.6632382;38.92297868;2.287;104.1;-0.02;-0.022;4.1;4.1;-0.125;-0.129;-0.147;90.22913617;2.377;100.2;-0.018;-0.018;2.3;2.1;0.054;0.054;-0.7498
248;-0.184;-0.184;0.0266;0.0266;241.2441447;241.2441447;59.53824495;31.29063629;42.78027957;2.31;114.8;-0.018;-0.016;2.7;2.3;-0.099;-0.086;-0.1311;77.14179804;2.396;114.9;0.005;-0.004;2.2;0.7;0.121;0.108;-0.6869
249;-0.1869;-0.1869;-0.0506;-0.0506;241.3;241.3;34.33176633;23.45258821;39.11123153;2.298;106.5;-0.018;-0.016;3.4;2.9;-0.109;-0.108;-0.1201;75.30884279;2.367;106.2;-0.001;-0.006;0.6;0.8;0.129;0.109;-0.6388
250;-0.1697;-0.1697;-0.0502;-0.0502;251.0809837;251.0809837;158.9654496;69.95846725;17.27703847;2.301;125.9;0.006;0.005;0;-0.4;0.024;-0.027;-0.0926;56.12273983;2.389;109.7;0.022;0.017;-1.2;-2.3;0.191;0.176;-0.6175
251;-0.1884;-0.1884;-0.0394;-0.0394;237.05;237.05;28.69986466;18.32483598;38.62114661;2.291;105.1;-0.02;-0.018;4.2;3.9;-0.136;-0.122;-0.1478;88.59133638;2.376;100.4;-0.017;-0.018;2.3;2.4;0.058;0.056;-0.7475
252;-0.1869;-0.1869;-0.0506;-0.0506;241.3;241.3;32.60337167;25.30708996;38.69393771;2.297;105.3;-0.016;-0.015;3.2;3.3;-0.1;-0.11;-0.1238;74.18560079;2.366;103.7;-0.006;0;1.3;0.1;0.11;0.126;-0.6493
253;-0.1697;-0.1697;-0.0502;-0.0502;251.0809837;251.0809837;152.7998147;65.8435643;14.29636835;2.302;118.5;-0.001;-0.001;-0.4;-0.7;0.007;-0.01;-0.0887;49.65374439;2.389;110.5;0.009;0.01;-1.2;-1.6;0.163;0.19;-0.6209
254;-0.1884;-0.1884;-0.0394;-0.0394;237.05;237.05;27.4376445;18.22196977;38.0130899;2.29;104.4;-0.019;-0.02;4;4;-0.126;-0.126;-0.1448;88.12886188;2.372;100.7;-0.017;-0.017;2.1;2;0.057;0.061;-0.7385
255;-0.184;-0.184;0.0266;0.0266;241.2441447;241.2441447;55.24317074;39.90721501;42.47405494;2.309;114.9;-0.016;-0.015;2.6;2.4;-0.101;-0.089;-0.1293;75.93635229;2.392;115.8;0.004;0.006;1.6;1.8;0.132;0.129;-0.6747
256;-0.1869;-0.1869;-0.0506;-0.0506;241.3;241.3;36.47487291;24.39895653;38.94117645;2.299;107.5;-0.016;-0.016;3.1;3.2;-0.1;-0.102;-0.1203;74.18058071;2.365;105.3;-0.006;-0.001;1.4;0.5;0.112;0.125;-0.647
257;-0.1697;-0.1697;-0.0502;-0.0502;251.0809837;251.0809837;76.14919899;60.28620314;29.63019049;2.321;108.6;-0.006;0.002;1.3;0.5;0.021;0.005;-0.0927;53.72377101;2.381;105.3;0.012;0.013;-0.9;-0.6;0.245;0.218;-0.607
258;-0.1884;-0.1884;-0.0394;-0.0394;237.05;237.05;27.3043107;17.76623518;37.13708664;2.285;104.8;-0.02;-0.021;4;4;-0.123;-0.126;-0.1419;88.36292292;2.374;100.7;-0.018;-0.017;2.4;2.3;0.054;0.053;-0.7361
259;-0.184;-0.184;0.0266;0.0266;241.2441447;241.2441447;67.12291538;39.47870488;36.06153535;2.31;117.2;-0.011;-0.014;3.1;3.1;-0.093;-0.108;-0.1279;72.30181727;2.389;114.9;0.005;0.01;1.2;2.1;0.124;0.133;-0.6647
260;-0.1869;-0.1869;-0.0506;-0.0506;241.3;241.3;36.82517118;24.08525376;37.67235224;2.296;107;-0.016;-0.016;3.1;3.2;-0.094;-0.096;-0.1199;73.39619384;2.363;105.8;0.002;-0.007;0.1;0.7;0.139;0.112;-0.6246
261;-0.1697;-0.1697;-0.0502;-0.0502;251.0809837;251.0809837;131.5753584;59.20906407;17.04988003;2.302;127.3;0.003;0.005;-0.4;0.2;0.003;0.015;-0.0853;53.37424822;2.38;110.5;0.017;0.018;-0.9;-2;0.192;0.188;-0.5971
262;-0.1869;-0.1869;-0.0506;-0.0506;241.3;241.3;35.21119385;23.85497679;40.32;2.302;108;-0.019;-0.018;3.7;3.8;-0.091;-0.089;-0.1239;77.73667705;2.374;108.1;-0.006;-0.003;1;1.1;0.105;0.107;-0.6457
263;-0.1897;-0.1897;-0.0027;-0.0027;230.61;230.61;128.48;33.20015963;28.53;2.276;124.5;-0.018;-0.018;4.4;4.4;0.028;0.025;-0.1679;75.16137806;2.38;120.721553;-0.01;-0.01;2.4;2.5;0.131806;0.136558;-0.667
264;-0.183;-0.183;-0.0061;-0.0061;241.67;241.67;133.39;63.13299029;31.31;2.296;127.6;-0.01;-0.011;2.7;2.6;0.101;0.106;-0.131;59.86708902;2.368;125.1;0.02;0.02;-0.3;-0.3;0.249;0.248;-0.5614
265;-0.1884;-0.1884;0.0015;0.0015;239.4965308;239.4965308;100.2;45.77545001;31.81;2.293;128.6;-0.012;-0.014;3.4;3.3;0.094;0.073;-0.1488;70.40611107;2.375;124.5;0.006;0.011;1.5;0.9;0.180547;0.167971;-0.606
266;-0.1922;-0.1922;-0.0587;-0.0587;239.45;239.45;103.62;36.92317349;30.53;2.288;121.1;-0.015;-0.015;3.8;4;0.034;0.037;-0.1402;66.84248462;2.37;116.181501;-0.005;-0.005;1.5;1.6;0.15959;0.157697;-0.5837
267;-0.1869;-0.2074;-0.0506;-0.0003;241.3;223.6;24.33;19.82667717;24.08;2.262;91.4;-0.006;-0.032;1.2;3.4;-0.033;-0.01;-0.1305;82.92367057;2.371;95.2;-0.005;-0.038;0.9;3.4;0.062;-0.02;-0.741
268;-0.1869;-0.2074;-0.0506;-0.0003;241.3;223.6;24.93;18.95130141;22.51;2.257;90.6;-0.011;-0.027;2.4;2.5;0.019;0.066;-0.1169;79.13100316;2.363;96;-0.011;-0.038;2.3;2.8;0.06;-0.01;-0.7027
269;-0.1869;-0.2074;-0.0506;-0.0003;241.3;223.6;32.61;27.89707685;15.87;2.262;90;0.006;-0.019;1;1.6;0.079;0.057;-0.1071;70.17644259;2.366;96.3;0.01;-0.032;0.9;2.7;0.089;-0.013;-0.6912
270;-0.1905;-0.1905;0.0327;0.0327;233;233;47.24;19.96598428;40.43;2.297;118.1;-0.023;-0.022;5.2;5.1;-0.125;-0.115;-0.1691;89.84259032;2.38;96.6;-0.014;-0.013;5.6;5.6;0.032;0.033;-0.7984
271;-0.2508;-0.2508;-0.0332;-0.0332;197.71;197.71;32.71;18.065258;19.82;2.242;105.2;-0.009;-0.005;3;2.8;-0.011;0.006;-0.0871;63.1;2.344;98;0.012;0.016;5.3;5.2;0.025;0.03;-0.6037
272;-0.1788;-0.1788;0.0225;0.0225;245.67;245.67;68.58;52.11913595;40.82;2.324;125.2;-0.008;-0.008;2.1;1.9;0.001;-0.037;-0.1361;71.72;2.393;111.8;0.015;0.012;-0.1;-0.9;0.16;0.134;-0.6733
273;-0.189;-0.189;-0.0477;-0.0477;239.2;239.2;47.76;27.81801065;36.03;2.3;113.8;-0.011;-0.014;4.4;2.9;-0.08;-0.067;-0.1324;79.3318062;2.371;94.2;-0.009;-0.004;1.4;5.7;0.034;0.083;-0.7392
274;-0.189;-0.189;-0.0477;-0.0477;239.2;239.2;41.83;21.69038038;35.95;2.298;112.1;-0.011;-0.011;3.3;4.9;-0.067;-0.1;-0.1328;84.34435208;2.379;109.1;-0.005;-0.005;1;0.8;0.064;0.075;-0.6886
275;-0.1897;-0.1897;-0.0027;-0.0027;230.61;230.61;21.3;18.18134726;31.23;2.274;92.1;-0.021;-0.023;3.7;7.1;-0.04;-0.066;-0.1571;96.62032043;2.383;95.3;-0.026;-0.028;3.9;6.4;0.005;0.002;-0.8322
276;-0.2518;-0.2518;-0.0552;-0.0552;195.58;195.58;17.85;15.65185646;13.9;2.229;85.9;-0.011;-0.003;7.1;2.1;0.034;0.083;-0.0865;72.34950799;2.359;96.9;-0.005;0.001;5.8;2.4;-0.013;-0.01;-0.6464
277;-0.1922;-0.1922;-0.0587;-0.0587;239.45;239.45;31.52;24.51731068;19.64;2.268;94.5;-0.017;-0.017;7.2;6.9;-0.088;-0.043;-0.1364;81.62535342;2.378;98.2;-0.018;-0.016;6.4;5.8;0.015;0.02;-0.75
278;-0.2074;-0.2074;-0.0003;-0.0003;223.6;223.6;17.27;13.9167927;16.92;2.238;83.3;-0.027;-0.032;2.5;6.3;0.076;0.025;-0.1387;78.65911601;2.364;92;-0.037;-0.04;3.4;5.1;0.006;-0.017;-0.7498
279;-0.2074;-0.2074;-0.0003;-0.0003;223.6;223.6;27.29;25.75;10.72;2.251;87.8;-0.023;-0.024;1.5;3.2;0.015;-0.003;-0.1233;67.95631398;2.364;98.545716;-0.032;-0.038;1.6;2.9;0.019;0.005;-0.7166
280;-0.21887;-0.21887;-0.08562;-0.08562;221.6576907;221.6576907;16.58119803;14.76644056;23.84643543;2.26;86.5;-0.023;-0.027;2.5;3.7;0.032;-0.066;-0.0938;84.77670613;2.376;95.9;-0.027;-0.028;4.2;3.3;-0.005;-0.011;-0.7312
281;-0.2074;-0.2074;-0.0003;-0.0003;223.6;223.6;13.5208342;13.55660224;12.22;2.243;86;-0.04;-0.029;8.1;2.1;-0.04;0.105;-0.1344;73.39619384;2.36;98.3;-0.051;-0.04;3.6;4.3;0.006;0.011;-0.7272
282;-0.1922;-0.1922;-0.0587;-0.0587;239.45;239.45;28.45;24.62022224;28.26;2.275;90.8;-0.021;-0.014;7.3;2.8;-0.044;0.021;-0.1273;85.25110331;2.375;94;-0.025;-0.018;5.7;2.8;0.018;0.034;-0.7645
283;-0.21887;-0.21887;-0.08562;-0.08562;221.6576907;221.6576907;22.92908413;22.82993763;19.36513624;2.263;109.4;-0.014;-0.022;3.5;3.7;0.12;0.025;-0.1238;75.92631214;2.364;104.4;-0.014;-0.02;0.9;1.3;0.055;0.013;-0.638
284;-0.20173;-0.20173;-0.04006;-0.04006;221.5083435;221.5083435;22.56202199;19.81789203;15.132211;2.252;91.7;-0.027;-0.031;2.9;3.5;0.002;0.006;-0.159;74.13791007;2.363;96.5;-0.036;-0.046;2.5;3;0.014;0.011;-0.7502
285;-0.1852;-0.1852;-0.0462;-0.0462;241.21;241.21;145.1313926;31.12550319;21.01699509;2.288;121.9;-0.003;-0.022;2.2;4.8;-0.031;-0.081;-0.139;82.23654767;2.377;101.6;0;-0.016;0.8;0.5;0.064;0.047;-0.745
286;-0.1852;-0.1852;-0.0462;-0.0462;241.21;241.21;37.72011056;30.26090513;26.14123767;2.284;106.1;-0.018;-0.007;3.6;4.1;-0.079;-0.11;-0.1277;76.75525219;2.378;107.3;-0.017;-0.007;2.8;1.2;0.07;0.045;-0.7021
287;-0.1869;-0.1869;-0.0506;-0.0506;241.3;241.3;35.86162099;34.58294481;29.85107383;2.295;103.1;-0.013;-0.006;5;3;-0.029;-0.019;-0.1199;77.97513066;2.382;105.7;-0.003;-0.002;2.7;2.4;0.079;0.076;-0.7258
288;-0.186;-0.186;-0.0444;-0.0444;243.86;243.86;39.23;27.60716746;41.62;2.303;104.4;-0.015;-0.015;3.1;3.1;-0.056;-0.056;-0.1319;94.35501114;2.387;104.7;-0.009;-0.009;1.7;1.7;0.072;0.072;-0.7577
289;-0.1804;-0.1804;-0.046;-0.046;248.87;248.87;84.85;40.60351671;38.48;2.314;113.1;-0.008;-0.006;1.9;3.7;0.014;-0.019;-0.1248;77.15434823;2.387;109.1;0.013;0.024;-0.3;1.1;0.157;0.153;-0.6882
290;-0.186;-0.186;-0.0444;-0.0444;243.86;243.86;44.75;27.73706192;43.4;2.309;107.8;-0.014;-0.013;3.7;4.1;-0.051;-0.054;-0.1371;95.85287631;2.391;104.8;-0.006;-0.008;1.7;1.3;0.077;0.076;-0.7602
291;-0.1869;-0.1869;-0.0506;-0.0506;241.3;241.3;29.05;23.3432404;36.24;2.294;98.7;-0.011;-0.02;1.8;3.6;-0.033;-0.097;-0.1152;87.01817006;2.37;100.8;-0.007;-0.013;0.8;2;0.075;0.056;-0.7228
292;-0.1869;-0.1869;-0.0506;-0.0506;241.3;241.3;30.79;22.65235244;37.44;2.294;100.1;-0.01;-0.018;1.8;3.3;-0.027;-0.088;-0.1206;87.83;2.37;101.6;-0.007;-0.013;0.9;1.9;0.07;0.059;-0.7347
293;-0.1869;-0.1869;-0.0506;-0.0506;241.3;241.3;32.18;21.87047561;32.82;2.288;101.1;-0.007;-0.016;1.6;3;-0.04;-0.089;-0.1055;83.95;2.366;102;-0.003;-0.011;0.6;1.2;0.068;0.057;-0.6989
294;-0.1869;-0.1869;-0.0506;-0.0506;241.3;241.3;32.52;23.95945473;39.87;2.299;101.2;-0.009;-0.019;1.8;3.6;-0.027;-0.093;-0.1294;90.37;2.375;101.8;-0.005;-0.014;0.9;1.8;0.075;0.064;-0.7459
295;-0.1884;-0.1884;-0.0394;-0.0394;237.05;237.05;34.3895221;28.54855602;37.58889348;2.307;99.8;-0.019;-0.031;4.9;6.7;-0.07;-0.112;-0.1209;90.9313193;2.392;102.3;-0.014;-0.018;1.2;2.8;0.08;0.066;-0.7421
296;-0.1788;-0.186;0.0225;-0.0444;245.67;243.86;38.05;33.85088698;42.74;2.311;96.9;-0.013;-0.015;2.3;4.1;-0.085;-0.079;-0.1183;93.75636707;2.393;99.6;0.003;-0.012;0.6;2.7;0.099;0.06;-0.7678
297;-0.1869;-0.1804;-0.0506;-0.046;241.3;248.87;34.50502613;31.36470585;36.04082754;2.299;94.9;-0.015;-0.011;-2.3;8.6;-0.059;-0.108;-0.1133;88.54427317;2.387;99.7;0;-0.018;1;3.9;0.032;0.076;-0.7515
298;-0.1869;-0.1804;-0.0506;-0.046;241.3;248.87;36.13202555;32.42002187;33.70335465;2.301;95.1;-0.012;-0.012;2.5;3.5;-0.078;-0.113;-0.1075;86.47286431;2.387;99.8;0.002;-0.016;0.8;4.6;0.03;0.08;-0.74
299;-0.186;-0.186;-0.0444;-0.0444;243.86;243.86;34.2780844;31.42542821;38.32433461;2.305;92.2;-0.008;-0.019;5;2.5;-0.1;-0.113;-0.1246;94.7685399;2.395;95.5;-0.006;-0.019;4.5;1.4;0.061;0.058;-0.804
300;-0.186;-0.1869;-0.0444;-0.0506;243.86;241.3;24.33458116;23.22922886;39.93452399;2.3;89.1;-0.016;-0.017;-1.9;9.3;-0.088;-0.132;-0.1172;95.82652091;2.385;93.3;-0.016;-0.02;2.4;2.9;0.03;0.06;-0.7871
301;-0.1804;-0.1869;-0.046;-0.0506;248.87;241.3;34.18366032;32.26731147;35.83939699;2.302;93.2;-0.003;-0.016;0.5;5.8;0.023;-0.1;-0.1034;89.20755071;2.389;97.6;0.007;-0.022;0.6;2.6;0.101;0.022;-0.755
302;-0.1804;-0.1869;-0.046;-0.0506;248.87;241.3;39.39665952;34.5067921;35.57458798;2.305;96.3;-0.001;-0.007;1.5;2.7;-0.051;-0.058;-0.107;84.51126961;2.383;97.1;0.007;-0.012;0.2;0.2;0.122;0.062;-0.7358
303;-0.1869;-0.1869;-0.0506;-0.0506;241.3;241.3;52.05729674;30.69602628;35.02363464;2.302;111.9;-0.011;-0.012;1.9;2.7;-0.047;-0.06;-0.1089;79.61669551;2.378;111;-0.002;-0.007;0.3;1.8;0.102;0.082;-0.6676
304;-0.1869;-0.1852;-0.0506;-0.0462;241.3;241.21;27.09538561;23.12346042;38.1185115;2.293;96.9;-0.023;-0.014;3.3;3.5;-0.08;-0.05;-0.1228;87.08845113;2.376;100.2;-0.024;-0.008;2.1;1.5;0.036;0.088;-0.7207
305;-0.1869;-0.18881;-0.0506;-0.05225;241.3;241.6093553;32.84624427;30.09085006;36.37968267;2.292;111.4;-0.018;-0.017;2.6;3.6;-0.05;-0.055;-0.1255;73.45266969;2.369;112.2;-0.011;-0.005;0.4;0.5;0.125;0.132;-0.63
306;-0.186;-0.186;-0.0444;-0.0444;243.86;243.86;46.30408358;41.45228582;37.13269407;2.313;100.9;-0.01;-0.011;4.1;2.8;-0.072;-0.094;-0.1339;80.66840143;2.395;99.9;0;0.001;2.3;0.9;0.11;0.076;-0.7621
307;-0.1869;-0.1869;-0.0506;-0.0506;241.3;241.3;41.77564373;31.90881035;32.79221086;2.291;99.3;-0.017;-0.012;3.7;4.5;-0.102;-0.075;-0.1245;76.88012658;2.37;96.7;-0.006;-0.012;1.3;4.5;0.106;0.076;-0.7193
308;-0.1869;-0.1869;-0.0506;-0.0506;241.3;241.3;43.72608747;35.23663573;36.57483813;2.301;102.9;-0.016;-0.018;0.4;6.1;-0.095;-0.073;-0.124;72.24910647;2.385;101.9;-0.007;-0.004;-2.4;2.8;0.075;0.147;-0.6924
